Nombre;Concejo;Zona;Plazas;Precio;EstanciaMaxima;Tipo;Acceso;FechaDeCierre;Servicios;Dirección;Teléfono;Email;Título;Descripcion;Coordenadas;Slide;Título;Url;Observacion;MasInformacion
Área autocaravanas Valgrande-Pajares;Lena;Centro de Asturias;12;Gratuita;48 h.;Pública;Tanto desde León, como desde Asturias, se llega por la N-630. Una vez arriba en el puerto de Pajares, a la altura del km. 87,300, tomar la salida hacia El Brañillín y la estación de esquí de Valgrande.;;Carga agua potable Vaciado aguas negras Aparcamiento;Brañillín. 33693. Pajares;;;;;42.97889,-5.77194;/documents/39908/62223/valle-de-valgrande.jpg/54a4346b-6676-8754-ed04-c2dc9b120f21?t=1674187969087,/documents/39908/62223/estacion-esqui.jpg/06d446d4-5327-eba8-c55e-858d0cb85c88?t=1674187967221,/documents/39908/62223/pueblo-de-pajares.jpg/bfe99ca5-5103-b6fe-3acd-623086ac7408?t=1674187968472,/documents/39908/62223/pajares.jpg/c14aea92-66bd-c076-3728-d79a15776944?t=1674187967829;Valle de Valgrande,Estación de Esquí Valgrande-Pajares,Pueblo de Pajares,Pajares;,,,;;
Área autocaravanas de MasyMas (Cudillero);Cudillero;Occidente de Asturias;;Gratuita;Sólo el tiempo de repostaje;Privada;Desde la Autovía del Cantábrico [A-8/E-70] tomar la salida 431 hacia Cudillero. Una vez en la rotonda tomar la primera salida hacia la derecha (N-632), dirección Muros del Nalón. A pocos metros en una mini rotonda girar a la derecha al supermercado.;Solamente se puede usar en horario de supermercado;Agua potable Vaciado aguas grises  Vaciado aguas negras Supermercado / tienda Gasolinera próxima <10km.  Wifi Parking  Lavanderia autoservicio;Las Dueñas, s/n 33159 Cudillero;985 590 928;;;;43.55528,-6.16917;/documents/39908/62295/Mas-y-Mas-%281%29.jpg/c6b48519-8200-8c50-8bea-d214229237b7?t=1698150684923,/documents/39908/62295/Mas-y-Mas-%282%29.jpg/b9c63de3-8229-b48a-adff-3b88514d4678?t=1698150686875,/documents/39908/62295/Mas-y-Mas-%283%29.jpg/e835b43c-d68f-8dde-122e-12554a8d2929?t=1698150688253,/documents/39908/62295/Mas-y-Mas-%284%29.jpg/38cb9193-a3d5-e7df-ddc0-2cb2366795c9?t=1698150689677;masymas 1,masymas 2,masymas3,masymas 4;,,,;Punto ecológico para el cambio de aguas. No es posible pernoctar. Solamente se puede utilizar en el horario del supermercado.  ;
Parking autocaravanas Valles del Oso (Tuñón);Santo Adriano;Centro de Asturias;30;;;Pública;Desde Oviedo, autovía A-63 (Grado-La Espina) hasta Trubia. Tras cruzar el puente sobre el río Nalón, tomar desvío a la izquierda por la carretera AS-228 hasta Villanueva, capital del Concejo.;;Pernocta posible Zona infantil Zona de pícnic Admite mascotas;Ctra. AS228, km 8,500. 33115. Tuñón;;;;;43.291667,-5.982778;/documents/39908/62160/casa-rural-tunon.jpg/232f53ba-12f2-3573-b3f5-e8399ce057f6?t=1674187901841,/documents/39908/62160/fuente-tunon.jpg/e03fe333-d38c-f79d-7060-1ad5ad31a2fd?t=1674187903217,/documents/39908/62160/espada%C3%B1a-iglesia-de-santo-adriano-de-tunon.jpg/0ba9772f-0c51-c569-5d70-460bbaf7ed68?t=1674187902497,/documents/39908/62160/rio-trubia-tunon.jpg/e1359309-0076-b533-1d23-daa0c4f35cdb?t=1674187903877;Casa rural en Tuñón,Fuente en Tuñón,Espadaña de la Iglesia de Santo Adriano de Tuñón,Río Trubia a su paso por Tuñón;,,,;Aparcamiento donde se permite el estacionamiento y pernocta de autocaravanas. No se permite desplegar mesas, sillas y demás elementos de acampada.  En el mismo aparcamiento se pueden contratar paseos en bici y otras actividades.;
Área autocaravanas de Santa Eulalia de Oscos;Santa Eulalia de Oscos;Occidente de Asturias;15;Gratuita;48 h.;Pública;Ctra. AS-33 hasta Santa Eulalia de Oscos. En el centro del pueblo girar a la izquierda, hacia abajo. Al llegar a la carretera, tomar la primera calle a la izquieda, unos 200 metros.;;Carga agua potable Vaciado aguas grises Vaciado aguas negras Servicios hostelería (próximos) Supermercado/tienda (próximos) Parque infantil;C/ Vilar de Abraira. 33776. Santalla;;;;;43.25778,-7.01861;/documents/39908/62229/santalla-santa-eulalia-de-oscos+%281%29.jpg/91c38537-0384-62fa-6a2f-a2a5ac1edc17?t=1674187973745,/documents/39908/62229/santalla-santa-eulalia-de-oscos+%282%29.jpg/3a73cbea-c92b-e647-415c-a683accc1bc3?t=1674187974382,/documents/39908/62229/santalla-santa-eulalia-de-oscos+%283%29.jpg/f0fd8bb2-6529-d308-0370-3f05c057c8b2?t=1674187974992,/documents/39908/62229/santalla-santa-eulalia-de-oscos+%284%29.jpg/dea5b48e-0fab-bb94-acd1-2a8e8d46e943?t=1674187975795;Santalla en Santa Eulalia de Oscos,Santalla en Santa Eulalia de Oscos,Santalla en Santa Eulalia de Oscos,Santalla en Santa Eulalia de Oscos;,,,;;
Área de Autocaravanas de Sellaño (Ponga);Ponga;Oriente de Asturias;12;Gratuita;;;Carretera AS261;;Pernocta posible  Agua potable Vaciado aguas grises Vaciado aguas negras Conexión eléctrica Servicios hostelería Zona Pic-nic;Pilanegru s/n;985 843 001;registro@ponga.es;;;43.25106,-5.19992;/documents/39908/2646107/area_de_autocaravanas_de_sella%C3%B1o_ponga%282%29.jpg/bcf7edd5-2bd5-ac4c-5104-fe5bf3623817?t=1699270725337,/documents/39908/2646107/area_de_autocaravanas_de_sella%C3%B1o_ponga%283%29.jpg/3059633f-31e6-70a2-43ef-74d35cb2f221?t=1699270726630,/documents/39908/2646107/area_de_autocaravanas_de_sella%C3%B1o_ponga%281%29.jpg/58b412b0-7983-ded3-49fc-ab68b6d5cc5a?t=1699270723939;Casielles-Ponga 2,Ruta al valle de Ponga,Casielles-Ponga 1;,,;;
Área autocaravanas de Lena;Lena;Centro de Asturias;15;Gratuita;48 hs;Pública;Dirección norte: autovía A-66, salida 61 AS-375 Pola de Lena, por vía de servicio de autovía.  Dirección sur: autovía A-66, salida 59, centro urbano, por carretera AS-375 hasta Puente Robledo. ;;Vaciado de aguas grises Vaciado de aguas negras Pernocta posible Agua potable Servicios hostelería  Supermercado / tienda  Gasolinera próxima < 10 km.  Zona Pic-nic Parking ;Recinto ferial de Pola de Lena. 33630. La Pola;;;;;43.153033,-5.824502;/documents/39908/62190/2022-%C3%81rea+autocaravanas+de+Lena+%281%29.jpg/afa3d3d5-19d7-5385-3bc7-575074d69b37?t=1674187932489,/documents/39908/62190/2022-%C3%81rea+autocaravanas+de+Lena+%282%29.jpg/7fdc16d1-3bcc-894c-2a1e-dd87aac7133f?t=1674187933126,/documents/39908/62190/2022-%C3%81rea+autocaravanas+de+Lena+%283%29.jpg/6c1c99f8-c1f1-f269-c986-7adf00909e94?t=1674187934407,/documents/39908/62190/2022-%C3%81rea+autocaravanas+de+Lena+%284%29.jpg/daf47170-f247-0cbe-b79e-70e1d67daa5a?t=1674187935021;Área autocaravanas de Lena,Área autocaravanas de Lena,Área autocaravanas de Lena,Área autocaravanas de Lena;,,,;;
Parking de autocaravanas de Pesoz;Pesoz;Occidente de Asturias;4;;;Pública;Desde Navia y Boal se llega por la AS-12, desde los Oscos por la AS-13 y desde Pola de Allande por la AS-14. El parking está a las afueras del pueblo, junto al Museo del Vino.;;Pernocta posible Restaurante/Cafetería (próximos) Zona pícnic Fuente Admite mascotas;Carretera AS13. 33735. Pezós/Pesoz;;;;;43.25472, -6.878611;/documents/39908/62208/pesoz-%282%29.jpg/3bc60a59-4ad8-bed7-f514-a2e502973981?t=1674187953266,/documents/39908/62208/iglesia-de-santiago.jpg/e9c231fc-e0f7-0702-b23a-6f4e703f8645?t=1674187951382,/documents/39908/62208/pesoz.jpg/4c84587b-117c-42b2-a763-9fa4ced39826?t=1674187953873,/documents/39908/62208/mirador-a-paicega-pesoz.jpg/b3d81e24-9cd7-a2ae-ccf4-c3eb6a1132fa?t=1674187952267;Pezós/Pesoz,Iglesia de Santiago en Pezós/Pesoz,Pezós/Pesoz,Mirador de A Paicega en Pezós/Pesoz;,,,;Parking donde se permite el estacionamiento y pernocta de autocaravanas, pero NO desplegar mesas, sillas y demás elementos de acampada. En el pueblo hay un par de tiendas y restaurantes. ;
Área autocaravanas de La Fuente de los Ángeles (Candás);Carreño;Centro de Asturias;6;Gratuita;48 h.;Pública;A Candás se puede llegar desde la A-8 por la carretera AS-110 o desde Gijón por la AS-118. Una vez en la rotonda donde se unen ambas carreteras seguir indicaciones del área recreativa Fuente de los Ángeles, detrás de la estación del tren.;;Vaciado aguas grises Vaciado aguas negras Carga agua potable Servicios hostelería (próximos) Supermercado/tienda (próximos) Zona pícnic Parque infantil Transporte público < 10 km    ;C/ Estacion, 4. 33439. Candás;;;;;43.58472,-5.77194;/documents/39908/62220/candas-puerto-y-playa.jpg/336ae709-231d-267a-0f4a-271a7447810b?t=1674187965177,/documents/39908/62220/atardecer-en-candas.jpg/5692c84a-c280-fb9a-a293-f7a9c52615e4?t=1674187964399,/documents/39908/62220/faro-candas-1.jpg/dcd4f1fb-0c44-c494-5e24-36a4607ab04d?t=1674187965869,/documents/39908/62220/area_Candas1.JPG/3e7460f8-64a8-7b0c-eeab-864e64cf47d3?t=1674187963795;Candás, vistas del puerto y la playa,Atardecer en Candás,Faro de Candás,Área de autocaravanas de Candás;,,,;;
Área de Autocaravanas de Proaza;Proaza;Centro de Asturias;10;;72 h.;;;31/01 a 04/02 / Sábado que se celebra el Certamen de Ganado y cualquier otro día que celebre un evento y se precise ese área.;Pernocta posible Agua potable  Vaciado aguas grises  Vaciado aguas negras Servicio hostelería Supermercado / tienda Gasolinera próxima <10km.  Parking;Plaza el Mercado, Nº 55;;info@proaza.es;;;43.25157, -6.01374;/documents/39908/2562907/Proaza%281%29.jpg/11e9fa83-46b3-ac77-fa1f-b683b87e95e3?t=1698153705984,/documents/39908/2562907/Proaza%282%29.jpg/abf50132-4b9a-b70a-9d3a-ca8d6814451b?t=1698153707792,/documents/39908/2562907/Proaza%283%29.jpg/6681d19c-11e2-4c02-f188-ba809482be1c?t=1698153709116,/documents/39908/2562907/Proaza%284%29.jpg/d09e9317-b3e2-09cc-26df-6ebab23acdde?t=1698153710396;Proaza 1,Proaza 2,Proaza 3,Proaza 4;,,,;;
Área autocaravanas de Grado;Grado;Centro de Asturias;8;Gratuita;72 h.;Pública;Acceso a la villa de Grado por la autovía A-63 y por la nacional N-634, el área de autocaravanas está al lado de la Estación de Autobuses y del área deportiva de El Casal.;;Vaciado aguas grises Vaciado aguas negras Carga agua potable Servicios hostelería (próximos) Supermercado/tienda (próximos) Gasolinera <10 km Zona pícnic Parque infantil Transporte público < 10 km Aparcamiento  Piscinas públicas (próximas);Avda. de los Deportes. 33820. Grau/Grado;985 750 075;turismo@ayto-grado.es;;;43.383500,-6.075432;/documents/39908/62238/Autocaravanas_Grado1.jpg/3a909f0e-d396-a1a4-5692-cb371ec2f2c6?t=1674187986442,/documents/39908/62238/Autocaravanas_Grado.jpg/d2bca568-ef58-6c53-0abe-8c447e35d70f?t=1674187985709,/documents/39908/62238/Autocaravanas_Grado2.jpg/b2660e9a-fbf4-6ccc-b02f-f15053509ed0?t=1674187987052,/documents/39908/62238/Autocaravanas_Grado3.jpg/df6f1353-fb47-3cba-4519-ed0af8a7392e?t=1674187987685;Área de Autocaravanas de de Grado,Área de Autocaravanas de de Grado,Área de Autocaravanas de de Grado,Área de Autocaravanas de de Grado;,,,;;
Área de autocaravanas 'Llagar de Sidra Castañón';Villaviciosa;Oriente de Asturias;;;;Pública;Desde la Autovía del Cantábrico (A-8), salida 371 y en la rotonda seguir por la N-632 hacia Quintes/Quintueles. A escasos 100 m. tomar la primera salida a la derecha en dirección a San Miguel de Arroes. Nada más girar, a pocos metros a la derecha se ve la señalización del llagar.  ;;Rellenado agua gratuito (lunes a sábado) Vaciado de aguas grises y WC gratuitos (lunes a sábado) Tienda de venta de sidra y otros productos asturianos Zona pícnic;Bº Los Pisones, 90. 33314. Quintueles;985 894 576 / 650 963 462;;;;43.514167,-5.569444;/documents/39908/62187/area-autocaravanas-sirdra-castanon+%283%29.jpg/f5dcfd7c-e23b-79f6-73cd-232d02b37b1d?t=1674187931272,/documents/39908/62187/area-autocaravanas-sirdra-castanon+%281%29.jpg/6406d4e6-d48c-46cb-941a-337cb126dd19?t=1674187929936,/documents/39908/62187/area-autocaravanas-sirdra-castanon+%284%29.jpg/299cfca5-663a-56c6-ed78-3f20289db728?t=1674187931907,/documents/39908/62187/area-autocaravanas-sirdra-castanon+%282%29.jpg/4d500fbd-546f-2a3a-37ba-7f0b8b394e22?t=1674187930688;Área de autocaravanas 'Llagar de Sidra Castañón',Tienda en el área de autocaravanas 'Llagar de Sidra Castañón',Toneles de sidra 'Llagar de Sidra Castañón',Sidra 'Llagar de Sidra Castañón';,,,;Área exclusivamente de servicio y descanso. Prohibido pernoctar. Solamente dispone de los servicios de carga y descarga de aguas en horario laboral (lunes a sábado).  ;
Área Camper FunsiQuín (Cangas del Narcea);Cangas del Narcea;Occidente de Asturias;8;Gratuita;Sin estancia máxima;Privada;Desde Cangas del Narcea salir por la carretera AS-15 en dirección Degaña. Al llegar al pueblo de Rengos, tomar un desvío que hay a la izquierda por la CN-9, desde la que se llega, en 2 km, a Xedré. El acceso es bueno, con rampa de cemento.;;Pernocta posible Vaciado aguas grises Vaciado aguas negras Carga agua potable  Restaurante (cerrado 12/12 a 17/02) Merendero con zona infaltil WIFI Baños Transporte público < 10 km Duchas (3€/pax) Aparcamiento (6€/día) Carga de electricidad (3€/día) Servicio de lavandería (3€ lavadora/3€ secadora);Carretera CN9, Km 2,200. Gedrez, 48. 33811. Xedré;679 908 087 / 627 242 354 (llamar antes de ir para asegurar plaza);info@funsiquin.com;;;43.013056,-6.608611;/documents/39908/62172/2022-%C3%81rea+Camper+FunsiQu%C3%ADn+%282%29.jpg/757e41d0-4bec-f901-471e-faa7ff1d3b21?t=1674187916706,/documents/39908/62172/2022-%C3%81rea+Camper+FunsiQu%C3%ADn+%281%29.jpg/7a60edf9-37b9-77df-3bfe-aee2fc819d7e?t=1674187916026,/documents/39908/62172/2022-%C3%81rea+Camper+FunsiQu%C3%ADn+%285%29.jpg/57ef94f0-a7a1-ff57-0f67-4bf3480ab934?t=1674187919280,/documents/39908/62172/2022-%C3%81rea+Camper+FunsiQu%C3%ADn+%283%29.jpg/d84d5e80-dad8-299e-cebc-8fc9905c133f?t=1674187917288;Área Camper FunsiQuín,Área Camper FunsiQuín,Área Camper FunsiQuín,Área Camper FunsiQuín;,,,;Solicitar autorización previa. En verano, suele haber actuaciones musicales en directo. ;
Área autocaravanas de Infiesto (Piloña);Piloña;Oriente de Asturias;5;Gratuita;48 h.;Pública;A-66 dirección Santander en la salida 14 toma dirección N-634 (Nava-Infiesto) al llegar a Infiesto se toma la salida AS-254, una vez pasado el puente, se continua por la izquierda dirección Cangas de Onís, girar en calle Vistalegre a mano derecha  subir hacia arriba y luego a la izquierda a 100 m. está el área.;;Craga agua potable Vaciado aguas grises Vaciado aguas negras Servicios hostelería (próximos) Supermercado/tienda (proximos) Gasolinera <10 Km Zona pícnic Parque infantil Transporte público < 10 km Aparcamiento  Piscina < 1,5 km  ;Prolongación C/ Vistalegre (Barrio de Xudes). 33530. L' Infiestu;984 081 246 / 674 124 832;info@tierradeasturcones.com;;;43.345299,-5.364773;/documents/39908/62205/infiesto.jpg/989c4102-a706-310f-655e-45687e531f59?t=1674187948105,/documents/39908/62205/Autocaravanas_Infiesto_1.jpg/7e62095f-b9ee-8db6-8083-a146845b0a0a?t=1674187948769,/documents/39908/62205/Autocaravanas_Infiesto_2.jpg/7020faeb-15b4-dae2-0b7c-74df345e87bc?t=1674187949386,/documents/39908/62205/Autocaravanas_Infiesto_4.jpg/28b35ecc-e539-9ac5-fe2a-ff2958764d2a?t=1674187950785;Río Piloña a su paso por L'Infiestu (Piloña),Área Autocaravanas de Infiesto (Piloña),Área Autocaravanas de Infiesto (Piloña),Área Autocaravanas de Infiesto (Piloña);,,,;;
Área autocaravanas de Pola de Laviana;Laviana;Centro de Asturias;8;Gratuita;48 h.;Pública;Acceso a Pola Laviana por la carretera AS-117. El área se sitúa en la Avda. Real Titánico, junto a la zona deportiva.;;Vaciado aguas grises Vaciado aguas negras Carga agua potable Servicios hostelería (próximos) Supermercado/tienda (próximos) Gasolinera < 10 km Zona pícnic Transporte público < 10 km  ;Avda. Real Titánico. 33980. La Pola Llaviana/Pola de Laviana;;;;;43.255000, -5.568333;/documents/39908/62283/pola-de-laviana.jpg/20be7c73-4103-0744-4055-b47a9d6bb1bf?t=1674188027553,/documents/39908/62283/senda-fluvial-del-nalon.jpg/e0735d90-3bea-efee-e5ae-b17d660c4ecb?t=1674188028847,/documents/39908/62283/puente-d-arcu.jpg/9f9ec812-c7c9-0a13-8606-97038a5183d4?t=1674188028164,/documents/39908/62283/pista-pump-track.jpg/a404b4aa-5fb2-e2c7-ad61-03a00c9bc482?t=1674188026926;La Pola Llaviana/Pola de Laviana,Senda fluvial del Nalón,Puente D'Arcu,Pista pump track;,,,;;
Área autocaravanas de El Alto de Folgueiróu (Illano);Illano;Occidente de Asturias;30;Gratuita;;Pública;El área se situa en el alto del mismo nombre 2 km antes de llegar a la capital del concejo a la que se accede por la AS-12.;;Pernocta posible  Zona montaña Vaciado aguas negras Vaciado aguas grises Carga agua potable Restaurante (próximo) Zona juegos Zona pícnic Admite mascotas  ;AS12 - km 41 (ÁR de Folgueiróu). 33734. El Alto de Folgueiróu;;;;;43.343333, -6.851667;/documents/39908/62256/piscina-de-Illano.jpg/6c657ac9-7720-5bdc-bdda-7ff3e571bc75?t=1674188004824,/documents/39908/62256/san-esteban-de-los-buitres.jpg/b44f5f0b-993c-7c60-c521-d70dc7456264?t=1674188005525,/documents/39908/62256/vistas-embalse-doiras-desde-mirador-san-esteban-de-los-buitres.jpg/7b541aac-c98f-4ce6-8823-2a1b56f4d33b?t=1674188006215,/documents/39908/62256/a-llastra-da-filadoira-o-dolmen-de-entrerrios.jpg/392a3983-2045-e170-fffd-a14028f2bf1a?t=1674188004054;Piscina en el área recreativa en El Alto de Folgueiróu (Illano),San Esteban de los Buitres en Illano,Vistas del Embalse de Doiras desde el mirador San Esteban de los Buitres,A Llastra do Filadoira o Dolmen de Entrerríos;,,,;;
Área autocaravanas de El Lleráu (Cangas de Onís);Cangas de Onís;Oriente de Asturias;4;Gratuita;48 h.;Pública;Acceso a Cangas de Onís por la carretera N-625.En la rotonda hacia Covadonga y después del túnel, se encuentra el área a la derecha.;;Vaciado aguas grises Vaciado aguas negras Carga agua potable Servicios hostelería (próximos) Supermercado/tienda (próximos) Gasolinera < 10 km Aparcamiento;33550. El Lleráu;;;;;43.352222, -5.124722;/documents/39908/62154/iglesia-de-la-asuncion.jpg/0b89487e-d905-5bcd-b18e-6b4242cc8034?t=1674187897235,/documents/39908/62154/sella-a-su-paso-por-cangas.jpg/debe681b-4d14-af44-f41d-c25d5b17d18d?t=1674187897870,/documents/39908/62154/cruz-victoria.jpg/36dc5eca-61e0-69b3-2dd9-ce3dea229054?t=1674187896627,/documents/39908/62154/vistas-desde-puente-romano.jpg/bb8c7854-3d27-ddf9-3bc9-b7e30749c3eb?t=1674187898864;Iglesia de la Asunción en Cangas de Onís,Río Sella a su paso por Cangas de Onís,Cruz de la Victoria en el Puente Romano,Vistas de Cangas de Onís desde el Puente Romano;,,,;;
Aparcamiento del Restaurante Casa Fernando II;Cudillero;Occidente de Asturias;5;Gratuito. Para hacer uso del área, pasar antes por la recepción del hotel;;Parking;Desde la Autovía de Cantábrico [A-8/E-70] tomar la salida 431 hacia Cudillero. Una vez en la rotonda tomar la tercera salida dirección Las Dueñas y la Concha de Artedo. Coger el desvío a la izquierda. A unos 200m a la izquierda está el hotel-restaurante Casa Fernando II y el área. ;Segunda quincena de diciembre;Pernocta posible  Servicio hostelería Gasolinera próxima <10km.  Parking ;El Rellayo, s/n 33155 Cudillero;985 591 382 / 985 590 292;;;;43.56141, -6.17689;/documents/39908/2561294/Casa-Fernando-%281%29.jpg/46e3da51-58a0-2baf-fa9e-868e0226c0fa?t=1698146257121,/documents/39908/2561294/Casa-Fernando-%282%29.jpg/08cb82a4-d196-6f75-90a3-9de8927dded6?t=1698146259275,/documents/39908/2561294/Casa-Fernando-%283%29.jpg/175dd8d5-31f5-96c7-d775-37ae386ada07?t=1698146261062,/documents/39908/2561294/Casa-Fernando-%284%29.jpg/c3ea051f-3e2c-70ee-354d-54a329490a4d?t=1698146262503;Casa Fernando 1,Casa Fernando 2,Casa Fernando 3,Casa Fernando 4;,,,;;
Área autocaravanas de San Martín de Oscos;San Martín de Oscos;Occidente de Asturias;8;Gratuita;72 h.;Pública;AS-11 dirección hacia La Garganta y en este punto tomar el desvío hacia la AS-13. Desde Grandas de Salime por la AS-14 en Pesoz se tomaría la AS-12 y desde aquí coger la AS-13 que llega a San Martín. En San Martín se toma el desvío hacia Ron y a pocos metros se verá el área recreativa y la de autocaravanas.;;Pernocta posible Carga agua potable Vaciado de aguas grises Vaciado aguas negras Servicios hostelería (próximos) Supermercado/tienda (próximos) Gasolinera < 10 km Zona pícnic Piscina (próxima) Aparcamiento;Parque San Martín de Oscos, 150 A. 33777. Samartín;985 626 000;;;;43.271907,-6.957292;/documents/39908/62133/2022-area-autocaravanas-san-martin-de-oscos+%283%29.jpg/a8213fbd-b004-8c59-2923-5ca9b76d249d?t=1674187877380,/documents/39908/62133/2022-area-autocaravanas-san-martin-de-oscos+%282%29.jpg/2bf93110-b080-1907-ae6a-60e467fb1600?t=1674187876670,/documents/39908/62133/2022-area-autocaravanas-san-martin-de-oscos+%284%29.jpg/5c773842-f62b-cba9-31f5-f03869a6c06e?t=1674187878111,/documents/39908/62133/2022-area-autocaravanas-san-martin-de-oscos+%281%29.jpg/1c776152-c92a-e379-5fd5-f41edd65692c?t=1674187876038;Área autocaravanas Samartín,Área autocaravanas Samartín,Área autocaravanas Samartín,Área autocaravanas Samartín;,,,;;
Área autocaravanas de Navelgas (Tineo);Tineo;Occidente de Asturias;15;Gratuita;48 h.;Pública;Desde Oviedo, Gijón y Avilés dirección a Coruña por la N-632, N-634 o E- 70, en Luarca tomar AS-219 dirección Pola de Allande hasta llegar a Navelgas o dirección La Espina (N-634). Continuar dirección Tineo (AS-216), y tomar desviación Bárcena del Monasterio (AS-217) donde encontramos el desvío a Navelgas (AS-219).;;Pernocta posible Carga agua potable Vaciado aguas grises Vaciado aguas negras Aparcamiento   ;Recinto Ferial de Navelgas (junto al río Navelgas). 33873. Navelgas;;;;;43.403889, -6.541667;/documents/39908/62274/panoramica-de-navelgas.jpg/e1effee2-c482-18d7-0878-edd85418a76d?t=1674188015974,/documents/39908/62274/calle-de-navelgas.jpg/a1b5ad06-12b1-9abb-f98b-e4e4ec70f116?t=1674188014154,/documents/39908/62274/rio-navelgas.jpg/14576b72-3059-188d-8058-81ab335f62ee?t=1674188016580,/documents/39908/62274/panera-en-navelgas.jpg/7b516f19-ebd1-ad96-ed91-fb21ed88fda2?t=1674188014794;Panorámica de Navelgas,Calle en Navelgas,Río Navelgas,Panera en Navelgas;,,,;;
Área autocaravanas centro urbano de Taramundi;Taramundi;Occidente de Asturias;7;Gratuita;;Pública;Acceso a Taramundi por la carretera AS-21. El área está detrás del Polideportivo Municipal .;;Pernocta posible Vaciado aguas negras Vaciado aguas grises Carga agua potable Wifi;C/ Los Castros. (Polideportivo Municipal). 33775. Taramundi;;;;;43.359829,-7.107168;/documents/39908/62289/fuente-taramundi.jpg/d8f1a8e0-859b-dd99-f71e-e1542bfb7eb6?t=1674188037104,/documents/39908/62289/Taramundi_3.jpg/15cbd54b-bf5a-2df1-9315-eea42a53ec01?t=1674188035094,/documents/39908/62289/castro-os-castros.jpg/a053d4e7-ab78-4731-26ba-f4e4ffdb6075?t=1674188035738,/documents/39908/62289/Taramundi_2.jpg/0f3a48ea-8d0d-44bd-2f9b-cdf9380bcac8?t=1674188034495;Fuente en el centro urbano de Taramundi,Área autocaravanas Centro Urbano de Taramundi,Castro Os Castros en Taramundi,Área autocaravanas Centro Urbano de Taramundi;,,,;;
Aparcamiento Autocaravanas en Calle Asturias (Siero);Siero;Centro de Asturias;6;Gratuita;;Pública;Autovía A-64, Sentido Santander, Salida 21 Pola de Siero Sentido Oviedo, Salida 18 N-634 Pola de Siero  ;;Pernocta posible  Agua potable  Vaciado aguas grises  Vaciado aguas negras Gasolinera <10 km  Zona Pic-nic;C/ Asturias;;;;;43.39137,-5.66746;/documents/39908/2515499/Aparcamiento_Autocaravanas_Pola_de_Siero+%282%29.jpg/b66631a4-914b-368f-26f9-8b5166ae24ea?t=1697617841921,/documents/39908/2515499/Aparcamiento_Autocaravanas_Pola_de_Siero+%283%29.jpg/f2d012e9-1899-9ad2-0c87-c9649f1ece02?t=1697617843495,/documents/39908/2515499/Aparcamiento_Autocaravanas_Pola_de_Siero+%284%29.jpg/6154e34f-bf15-6804-35f6-ce4400bd3ac9?t=1697617845123,/documents/39908/2515499/Aparcamiento_Autocaravanas_Pola_de_Siero+%281%29.jpg/7e0c2c36-3a1c-dcf3-0cb6-4c62d77a2d9b?t=1697617839162;Aparcamiento autocaravanas 1,Aparcamiento autocaravanas 2,Aparcamiento autocaravanas 3,Aparcamiento autocaravanas 4;,,,;;
Área de Aparcamiento y Servicios para Autocaravanas de Villaviciosa;Villaviciosa;Oriente de Asturias;8;Gratuito;24 h.;Público;;;Pernocta posible Agua potable Vaciado de aguas grises  Supermercado/tienda < 500 m.  Servicio hostelería Gasolinera próxima <10km.  Transporte púbico Aparcamiento;C/ El Salín. 33300. Villaviciosa;985 891 759;turvilla@lacomarcadelasidra.com;;;43.48762,-5.43580;/documents/39908/4331895/%C3%81REA-APARCAMIENTO-AUROCARAVANAS-VILLAVICIOSA-%285%29.jpg/20d4f6db-33af-486d-40f1-0f6d4767b8f4?t=1709817496300,/documents/39908/4331895/%C3%81REA-APARCAMIENTO-AUROCARAVANAS-VILLAVICIOSA-%284%29.jpg/5c2c61e8-cfc7-0bcf-a8c4-03b83a482296?t=1709817494927,/documents/39908/4331895/%C3%81REA-APARCAMIENTO-AUROCARAVANAS-VILLAVICIOSA-%281%29.jpg/2903374d-acf2-8687-9ded-f283c0f9364c?t=1709817491429;Área de autocaravanas de Villaviciosa,Área de autocaravanas de Villaviciosa,Área de autocaravanas de Villaviciosa;,,;;
Área autocaravanas de La Corredoria (Oviedo);Oviedo;Centro de Asturias;16;Gratuita;72 h.;Pública;Desde la AS-II, tomar la salida 2 y seguir indicaciones al Hospital HUCA, hasta llegar al polideportivo. Justo detrás está el área.;;Carga agua potable Vaciado aguas grises Vaciado aguas negras Servicios hostelería (próximos) Supermercado/tienda (próximos) Gasolinera <10 km Transporte público < 10 km Aparcamiento;C/ Daniel Moyano, 8. 33011. La Corredoria;;;;;43.38278,-5.82417;/documents/39908/62226/area_Corredoria1.jpg/303f406b-0b9e-e1bf-df80-88909fdb8fa9?t=1674187969732,/documents/39908/62226/plaza-trascorrales-oviedo.jpg/b5c80112-3613-bdec-1891-62143b3ca7bc?t=1674187971822,/documents/39908/62226/huca.jpg/1fd00dca-885a-d1c2-c226-2576d48b6952?t=1674187971047,/documents/39908/62226/atardecer-desde-el-naranco.jpg/57da80e9-7faa-2a67-c2ca-15ac8136f37e?t=1674187970449;Área autocaravanas de La Corredoria (Oviedo/Uviéu),Plaza Trascorrales en Oviedo/Uviéu,HUCA en Oviedo/Uviéu,Atardecer desde el Naranco en Oviedo/Uviéu;,,,;;
Área autocaravanas de El Agüil (Salinas);Castrillón;Centro de Asturias;12;Gratuita;48 h.;Pública;Desde la N-632 tomar la salida 102 hacia Salinas. En la rotonda, seguir hacia Salinas/Playas y a unos 400, en la siguiente rotonda, primera salida a la derecha y a unos 100 m está el área.;;Pernocta posible Vaciado aguas grises Vaciado aguas negras Agua potable Gasolinera < 10 km Transporte público < 10 km Aparcamiento;C/ El Agüil, 17, 33405 Salinas;985 530 050;gema.gonzalez@castrillon.es;;;43.57047,-5.95865;/documents/39908/62178/FOTO-%C3%81REA-AUTOCARAVANAS-5.jpg/26b41ed4-5900-5c44-4860-9af9fcba02cd?t=1706602416206,/documents/39908/62178/FOTO-%C3%81REA-AUTOCARAVANAS-4.jpg/49348eff-9475-37b3-4f02-320031b52511?t=1706602413937,/documents/39908/62178/FOTO-%C3%81REA-CARAVANAS-3.jpg/28e1b77a-b444-1d72-b1cb-624eefa8846b?t=1706602420139,/documents/39908/62178/FOTO-%C3%81REACARAVANAS-2.jpg/2528ae0d-3b35-7591-2a46-8cc446a4d771?t=1706602418821,/documents/39908/62178/FOTO-%C3%81REA-CARAVANAS-1.jpg/75e76568-2de6-67ad-ef03-10dfe078eaaf?t=1706602417448;Área autocaravanas de El Agüil 1,Área autocaravanas de El Agüil 2,Área autocaravanas de El Agüil 3,Área autocaravanas de El Agüil 4,Área autocaravanas de El Agüil 5;,,,,;;
Área autocaravanas de Tapia de Casariego;Tapia de Casariego;Occidente de Asturias;55;Pernocta: 4€/día;48 h.;;Acceso a Tapia de Casariego por la autovía A-8, y por las carreteras N-634 y AS-23. El área está próxima a la playa de Anguileiro.;;Pernocta posible Agua potable Vaciado aguas grises  Vaciado aguas negras Servicios hostelería (próximo) Supermercado / tienda (próximo9 Gasolinera póxima <10km.  Zona Pic-nic (próximo) Wifi Transporte público (próximo) Piscina (próxima) Parking (próximo);Avda. San Esteban, esquina Avda. de la Playa, 17. 33740. Tapia;985 471 099;turismo@tapiadecasariego.com / turismotapia@hotmail,com;;;43.566667, -6.946111;/documents/39908/62280/2022-%C3%81rea+de+Playa+Grande-Tapia+%283%29.jpg/d9212e58-b21a-5b77-5415-9f3f71506020?t=1674188023903,/documents/39908/62280/2022-%C3%81rea+de+Playa+Grande-Tapia+%285%29.jpg/dbadc163-371d-e6d8-669d-69521bcca8ae?t=1674188025186,/documents/39908/62280/2022-%C3%81rea+de+Playa+Grande-Tapia+%281%29.jpg/6dac0dfc-e7f9-9a49-c6b4-e605c73cf364?t=1674188022544,/documents/39908/62280/2022-%C3%81rea+de+Playa+Grande-Tapia+%282%29.jpg/5f616fdf-2f0d-bc63-293f-18ae90457344?t=1674188023204;Área para autocaravanas de Playa Grande,Área para autocaravanas de Playa Grande,Área para autocaravanas de Playa Grande,Área para autocaravanas de Playa Grande;,,,;;
Área autocaravanas de Bárzana (Quirós);Quirós;Centro de Asturias;15;Gratuita;48 h.;Pública;Acceso a Bárzana por la carretera AS-229.;;Carga agua potable Vaciado aguas grises Vaciado aguas negras Servicios hostelería (próximos) Supermercado/tienda (próximos);El Felgueru. 33117. Bárzana;;;;;43.155833, -5.972778;/documents/39908/62241/museo-etnografico-de-quiros.jpg/a3de870e-5989-b132-5bed-a7f10d49ed25?t=1674187990052,/documents/39908/62241/iglesia-san-pedro-de-arrojo.jpg/084d3e6c-b92b-cae0-3cd4-bba639578a39?t=1674187989439,/documents/39908/62241/valle-de-bermiego.jpg/f7434d6f-60c9-eb8f-f3ea-ba6fcbc396ea?t=1674187991853,/documents/39908/62241/quiros-las-ag%C3%BCeras-y-aciera1.jpg/f8a33c63-1a8d-3f0a-3e0b-747062eac3f9?t=1674187990663;Museo Etnográfico de Quirós en Bárzana,Iglesia de San pedro de Arrojo,Valle de Bermiego,Quirós, Las Agüeras y Aciera;,,,;;
Área autocaravanas Parque Empresas Artesanas (Taramundi);Taramundi;Occidente de Asturias;;Gratuita;;Pública;A 1 km del centro urbano de Taramundi;;Pernocta posible Carga agua potable Vaciado aguas grises Vaciado aguas negras Servicios hostelería (próximos) Supermercado/tienda (próximos) Gasolinera < 10 km Aparcamiento ;Parque de Empresas Artesanas de Taramundi. 33775. Pardiñas;985 646 701;ayto@taramundi.net;;;43.360455, -7.115593;/documents/39908/62139/2022-area-autocaravanas-taramundi+%281%29.jpg/c0daa982-abf3-fa64-2523-16bfd82b021c?t=1674187882356,/documents/39908/62139/museo-cuchilleria-pardinas-taramundi-1.jpg/b210c209-d843-90ec-e7a8-db905ffc28cd?t=1674187883505,/documents/39908/62139/2022-area-autocaravanas-taramundi+%282%29.jpg/c5216f01-cb97-b75c-696c-47c4f79ef82a?t=1674187882926,/documents/39908/62139/museo-cuchilleria-pardinas-taramnudi-taramundi.jpg/449aac20-7e4e-408c-1862-b4c7aebfe1e8?t=1674187884162;Área autocaravanas de Taramundi, en Pardiñas,Museo de la Cuchillería en Pardiñas, cerca del área de autocaravanas,Área de autocaravanas de Taramundi, en Pardiñas,Artesanos en el Museo de la Cuchillería de Pardiñas, Taramundi;,,,;;
Área autocaravanas de Campo de Caso;Caso;Centro de Asturias;2;;48 h.;Pública;Desde Oviedo y el Puerto de Tarna se llega por la carretera AS-117. Una vez en el pueblo seguir indicaciones del Centro de interpretación del Parque de Redes, el recinto ferial, la piscina y el Albergue. Justo al lado del recinto ferial, está el área.  ;8 y 9 octubre Último fin de semana agosto;Pernocta posible Vaciado de aguas grises Vaciado de aguas negras Carga agua potable Restaurante (próximo) Supermercado (próximo) Zona infantil Admite macotas;C/ Prau de la Feria. 33990. El Campu;985 608 002;;;;43.181667,-5.342222;/documents/39908/62127/paisano-en-el-campu.jpg/f59e3825-c0a9-1816-4b48-a73fd05920c3?t=1674187871602,/documents/39908/62127/camino-a-la-colegiata-de-santa-maria-de-tanes.jpg/73242a04-917c-a607-9544-3a6a6c593304?t=1674187870161,/documents/39908/62127/branagallones-caso.jpg/8c78034f-33a9-9fd0-274b-31794602a89d?t=1674187872671,/documents/39908/62127/casa-y-horreo-bueres-caso.jpg/a4f8486d-4f3f-35a3-532b-a36943e74737?t=1674187870769;'Paisano' en El Campu, capital de Caso,Camino a la Colegiata de Santa María en Tañes, Caso,Brañagallones, Caso,Casa y hórreo en Bueres, Caso;,,,;Punto ecológico de cambio de aguas con solo dos plazas para autocaravanas. No se permite sacar mesas, sillas, etc. Justo al lado está la Oficina de Turismo, un área recreativa con piscina (en verano) y el albergue municipal, que sirve comidas. El resto de servicios están a pocos metros en el centro del pueblo.;
Área autocaravanas de Villanueva de Oscos;Villanueva de Oscos;Occidente de Asturias;2;Gratuita;48 h.;Pública;Acceso a Villanueva por la AS-11. El área está al lado de la gasolinera.;;Vaciado aguas negras < 1 km Conexión eléctrica Gasolinera < 10 km;33777. Vilanova;;;;;43.310556, -6.985833;/documents/39908/62118/vilanova.jpg/deb24dcc-540b-bae3-4fff-85cdda9b1e2f?t=1674187863718,/documents/39908/62118/monasterio-de-santa-maria-en-vilanova.jpg/13c3e234-298f-7fe9-eca5-c7a219ea1858?t=1674187863134,/documents/39908/62118/horreo-en-vilanova.jpg/aedd468f-ccac-fdec-1fb3-dda3090ce8dc?t=1674187862550,/documents/39908/62118/Villanueva_1.jpg/640d2387-a3d4-75d3-e0d5-caee2d90e5b2?t=1674187861897;Vistas de Vilanova, capital de Villanueva de Oscos,Monasterio de Santa Marina en Vilanova,Hórreo en Vilanova,Área autocaravanas en Vilanova;,,,;;
Área autocaravanas Playa de L'Arbeyal (Gijón);Gijón;Centro de Asturias;18;;48 h.;Pública;Desde la E-70 (Autovía del Cantábrico), tomamos la salida 389 direc. Puerto de El Musel(Av. Constituc.-Av. Oviedo). Pasar la 1ª Rotonda, y en la 2ª (existe una EESS de Cepsa a nuestra dcha.), tomar la 3ª salida Av. Príncipe de Asturias que nos lleva hasta la de Eduardo Castro y Rotonda (hay otra EESS de Cepsa a nuestra dcha.), donde tomaremos la vía de acceso al Puerto y Área que se aprecia desde la misma Rotonda.;;Pernocta posible Vaciado aguas grises Vaciado aguas negras Carga agua potable Servicios hostelería (próximos) Supermercado/tienda (próximos) Transporte público < 10 km Aparcamiento Gasolinera < 10 km Zona pícnic;Avda. Eduardo Castro. 33212. Gijón/Xixón;985 341 771;turismo@gijón.es;;;43.544722, -5.695556;/documents/39908/62250/area-autocaravanas-el-arbeyal-%283%29.jpg/f903c577-870b-4bae-c078-d09bb66a5b42?t=1674187999586,/documents/39908/62250/area-autocaravanas-el-arbeyal-%282%29.jpg/f43ba142-216a-8ebf-ee61-471f1d72d7ee?t=1674187998671,/documents/39908/62250/area-autocaravanas-el-arbeyal-%281%29.jpg/38091954-25fa-2675-7e95-5c52113c29e5?t=1674187998081,/documents/39908/62250/playa-l-arbeyal-%281%29.jpg/9cae6590-e8a4-3b0e-ca78-e88b0cecf9a7?t=1674188000198;Área autocaravanas Playa de L'Arbeyal,Área autocaravanas Playa de L'Arbeyal,Área autocaravanas Playa de L'Arbeyal,Playa de L'Arbeyal;,,,;;
Área de autocaravanas de Trevías;Valdés;Occidente de Asturias;9;Gratuita;72 h.;;Desde la N-634, a su paso por Trevías, coger el desvío al parking público en dirección al campo de futbol. ;;Pernocta posible  Agua potable  Vaciado aguas grises  Vaciado aguas negras Servicio hostelería  Supermercado / tienda  Gasolinera próxima <10km.  Zona Pic-nic Transporte público Parking ;C/ Jesús Peláez Rodríguez nº4. 33780. Trevías.;985 640 083;turismo@ayto-valdes.net;;;43.49931,-6.43676;/documents/39908/2721254/autocaravanas_trevias_%281%29.jpg/2314c400-787f-3c23-3fc1-51ea11ae7fe3?t=1700206684861,/documents/39908/2721254/autocaravanas_trevias_%282%29.jpg/04339fd7-2b22-2075-5123-19c89300df65?t=1700206687153;Área de autocaravanas de Tresvías,Área de autocaravanas de Tresvías;,;;
Área autocaravanas de Boal;Boal;Occidente de Asturias;4;Gratuita;48 h.;Pública;;;Pernocta posible Vaciado aguas grises Vaciado aguas negras Carga agua potable Servicios hostelería (próximos) Supermercado/tienda (próximos) Gasolinera < 10 km Zona pícnic Piscina (próxima) Aparcamiento;33720. Llaviada;985 620 003;info@boal.es;;;43.42083,-6.81444;/documents/39908/62193/2022-area-autocaravanas-boal+%285%29.jpg/102b7cec-26c9-309c-81de-17d41f27a55d?t=1674187938257,/documents/39908/62193/2022-area-autocaravanas-boal+%282%29.jpg/63f77c36-8f5a-fbc1-1dd9-ec5ac1901dad?t=1674187936455,/documents/39908/62193/2022-area-autocaravanas-boal+%281%29.jpg/5fa38209-c1ad-18a3-7a83-291aed668676?t=1674187935721,/documents/39908/62193/2022-area-autocaravanas-boal+%284%29.jpg/33c57f6d-f59a-a77f-2ff0-bdf529d9bb43?t=1674187937682;Área autocaravanas de Boal,Área autocaravanas de Boal,Área autocaravanas de Boal,Área autocaravanas de Boal;,,,;;
Aparcamiento autocaravanas de Lugones (Siero);Siero;Centro de Asturias;4;Gratuita;;Pública;Se puede llegar por la A-66 o por la A-2. Una vez en Lugones dirigirse a la Av. Conde de Santa Bárbara y seguir indicaciones del Polideportivo Teresa Valdés. ;;Pernocta posible Carga agua potable Vaciado aguas grises Vaciado aguas negras Gasolinera < 10 km Zona Pic-nic;C/ Conde de Santa Bárbara. 33420. Lugones/Llugones;;;;;43.406944, -5.803056;/documents/39908/62265/parque-de-lugones+%282%29.jpg/08b6d4d2-6670-7402-393c-004470d6fcf8?t=1674188011210,/documents/39908/62265/area-recreativa-de-la-cebera-lugones+%282%29.jpg/10620cbc-4068-9444-60d9-5b0382b82093?t=1674188009917,/documents/39908/62265/Lugones%281%29.jpg/d84fdf6b-9ba9-f72d-3112-16169ec66184?t=1698672716986,/documents/39908/62265/Lugones_1.jpg/a00a4532-1f80-a65d-c336-7442248dd1ce?t=1674188008199,/documents/39908/62265/parque-de-lugones+%281%29.jpg/855d6c45-9412-7621-ccda-213464c138a0?t=1674188010544,/documents/39908/62265/area-recreativa-de-la-cebera-lugones+%281%29.jpg/0a517c0c-75cf-2cd6-829b-042eb806ae88?t=1674188008860;Parque de Lugones, muy cerca del área de autocaravanas,Área recreativa de La Cebera, en las proximidades del área de autocaravanas,Área de autocaravanas de Lugones 1,Área de autocaravanas de Lugones 2,Parque de Lugones, muy cerca del área de autocaravanas,Área recreativa de La Cebera, en las proximidades del área de autocaravanas;,,,,,;;
Área autocaravanas de Noreña;Noreña;Centro de Asturias;7;Gratuita;72 h.;Pública;Desde Gijón (20 km) se llega por la autovía AS-I. Tomar la salida 19 y seguir en dirección Noreña. Desde Oviedo (10 km) se llega por la autovía A-64. Tomar la salida 23 y seguir por la AS-376 hacia El Berrón y Noreña. En ambos casos, en la rotonda a la entrada de la población tomar la segunda salida y en el stop sobre el puente, a la derecha se ve el área.;;Pernocta posible Agua potable Vaciado aguas grises Vaciado aguas negras Servicios hostelería Supermercado / tienda Gasolinera próxima < 10 km Transporte público < 10 km;Avda. de Gijón, 8. 33180. Noreña;985 740 061 / 684 633 514;turismo@aytonorena.es;;;43.38972,-5.70278;/documents/39908/62163/autocaravanas_nore%C3%B1a_%281%29.jpg/17a089f6-734a-0758-62e7-57ad06a2b7cd?t=1709114268219,/documents/39908/62163/autocaravanas_nore%C3%B1a_%283%29.jpg/34768943-f1f1-3433-b2a5-4eba790165aa?t=1709114271888,/documents/39908/62163/autocaravanas_nore%C3%B1a_%282%29.jpg/2231cd2f-146a-ae5a-aee4-4e7c8d13fd62?t=1709114270360;Área de autocaravanas de Noreña,Área de autocaravanas de Noreña,Casco urbano de Noreña;,,;;
Área autocaravanas de San Antolín de Ibias;Ibias;Occidente de Asturias;5;Gratuita;;Pública;Desde la AS-15, En En el Pueblo de La Regla, tomaremosla AS-29 para posteriormente coger la AS-210 en dirección a San Antolín de Ibias. Ya en el pueblo, seguiremos las indicaciones del área recreativa y las piscinas. Una vez crucemos el puente sobre el Río Ibias giraremos a la izquierda, continuando durante 400 metros hasta llegar al área recreativa y las piscinas, detras de las que se ubica el área de parking de autocarvanas.;;Vaciado aguas grises (800 m) Vaciado aguas negras (800 m) Carga agua potable (800 m) Servicios hostelería (próximos) Supermercado/tienda (próximos) Gasolinera < 10 km Área recreativa < 50 m Zona pícnic Parque infantil Transporte público < 10 km Aparcamiento Piscina <100 m;Ctra. de Piñeira. 33810. Piñeira;615 164 329;aytoibias@yahoo.es;;;43.043893,-6.869220;/documents/39908/62214/AutocaravanaIbias1.JPG/7b1d1958-a8be-07b3-675d-b3aa7b951b37?t=1674187956952,/documents/39908/62214/AutocaravanaIbias2.JPG/8aea40cd-9058-dbb0-4bc2-34a996550984?t=1674187957629,/documents/39908/62214/AutocaravanaIbias3.JPG/25e9d55a-e0dc-5317-b181-ede0e29c729e?t=1674187958401,/documents/39908/62214/AutocaravanaIbias4.JPG/fdf16792-6781-35a1-b9a8-8d51ff531f97?t=1674187959410;Área de autocaravanas de Ibias.,Área de autocaravanas de Ibias.,Área de autocaravanas de Ibias.,Área de autocaravanas de Ibias.;,,,;;
Área autocaravanas Ecomuseo de Samuño (Langreo);Langreo;Centro de Asturias;11;Gratuita;48 h.;Pública;Desde la autovía AS-1 tomar la salida 9 y seguir por la AS-17 hacia Langreo. Después de pasar Sama, tomar la salida a Ciaño y a laaltura de la iglesia, girar a la derecha y seguir por la LA-7 en dirección a La Nueva. A unos 2 km aproximadamente está el área, en el parking del Ecomuseo.;;Pernocta posible Cambio aguas (grises y negras) Carga agua potable Restaurante (próximo) Parque infantil;;;;;;43.27833,-5.67444;/documents/39908/62145/estaci%C3%B3n-del-cadaviu-ecomuseo-minero-del-valle-de-samuno-%282%29.jpg/b3406edd-e02f-a1a2-4d90-d0bdf516ef99?t=1674187888870,/documents/39908/62145/la-nuev-langreo.jpg/9d3909cc-dee8-4814-8a2f-f28da2ac95e7?t=1674187889494,/documents/39908/62145/estaci%C3%B3n-del-cadaviu-ecomuseo-minero-del-valle-de-samuno-%281%29.jpg/c93bb0c0-0468-d377-8f9d-3cc275793fba?t=1674187888311,/documents/39908/62145/mirador-santuario-virgen-del-carbayo-.jpg/356d3ca1-9942-9496-f761-90fcdc050ce4?t=1674187890111;Estación del Cadaviu, Ecomuseo Minero 'Valle de Samuño',La Nueva, Langreo,Estación del Cadaviu, Ecomuseo Minero 'Valle de Samuño', interior,Mirador Santuario Virgen del Carbayu, Langreo;,,,;;
Área autocaravanas de Mieres;Mieres;Centro de Asturias;6;Gratuita;48 h.;Pública;;;Pernocta posible Carga agua potable Vaciado aguas grises Vaciado aguas negras Servicios hostelería (próximos) Supermercado/tienda (próximos) Gasolinera < 10 km Transporte público < 10 km;Avda. de Asturias, 26. 33600. Mieres del Camín;985 450 533;turismo@ayto-mieres.es;;;43.25194, -5.78083;/documents/39908/62175/mieres+%283%29.jpg/0c69f8b7-f643-f65c-02b6-234e65e53ada?t=1674187920575,/documents/39908/62175/mieres+%281%29.jpg/86da7264-3f93-6e24-a4d4-510fd964cfe7?t=1674187919954,/documents/39908/62175/mieres.jpg/5e905018-de61-803a-b361-5a70f2730e1b?t=1674187921717,/documents/39908/62175/mieres+%284%29.jpg/eabf1a07-46cb-9cae-6fc5-a090d3de996e?t=1674187921150;Plaza Requejo en Mieres,Monumento al minero, Alto de la Colladiella,Vistas de Mieres,Aparcamiento área autocaravanas de Mieres;,,,;;
Área autocaravanas de Nava;Nava;Centro de Asturias;9;Gratuita;72 h.;Pública;;;Vaciado aguas grises y negras Toma agua potable Pequeño supermercado junto al área;33529. Gamonéu.;985 717 477;;;;43.355495,-5.516600;/documents/39908/62199/letronas-nava.jpg/3cd3b815-255e-80e9-3a50-9871104265b6?t=1674187943366,/documents/39908/62199/2021_Area-Gamoneu-2.jpg/00d5cc69-03ea-0654-50ae-477683252579?t=1674187942179,/documents/39908/62199/2021_Area-Gamoneu-1.jpg/7fe42c5d-dc88-8c4e-16f0-e47d8c54c253?t=1674187941492,/documents/39908/62199/2021_Area-Gamoneu-3.jpg/89a6e256-eb20-0f24-eb56-cfcbaf2761bd?t=1674187942773;Letronas en Nava,Área autocaravanas de Nava,Área autocaravanas de Nava,Área autocaravanas de Nava;,,,;;
Área autocaravanas de Panes (Peñamellera Baja);Peñamellera Baja;Oriente de Asturias;30;Gratuita;48 h.;Pública;Desde Asturias y Cantabria la forma más rápida de llegar es por la Autovía del Cantábrico (A-8/E-70) hasta Unquera. Allí enlazar con la N-621que lleva directamente a Panes. Pasado el pueblo, a unos 800 m. está el área. Si se llega desde León, via Riaño, también por la N-621 a través del desfiladero de La Hermida. En este caso el área está antes de llegar a Panes.  ;;Pernocta posible Agua potable Vaciado de aguas grises Vaciado de aguas negras Gasolinera próxima <10km. Wifi Zona pícnic Aparcamiento ;N621 - P.K. 175,4. 33570 . Panes;985 414 008;;;;43.319700,-4.593891;/documents/39908/62151/panes.jpg/892be793-4dd8-40ca-327a-9c69977f6c6d?t=1674187895787,/documents/39908/62151/casa-rural-en-alevia-penamellera-baja.jpg/a0423e14-6826-e630-98f4-3493f89de31f?t=1674187894048,/documents/39908/62151/mirador-alevia-y-pico-penamellera.jpg/90361ac6-d326-47ba-6ec2-8b2271c1eff7?t=1674187894626,/documents/39908/62151/casa-indiana-la-quinta-de-arriba-alevia.jpg/568d77ac-eb08-cc57-0f3c-8bfc1dbb7c9d?t=1674187893425;Panes en Peñamellera Baja,Casa rural en Alevia, muy cerca de Panes,Mirador de Alevia y Pico Peñamellera,Casa indiana la Quinta de Arriba en Alevia;,,,;;
Parking autocaravanas de Las Xanas (Villanueva);Santo Adriano;Centro de Asturias;3;;;Pública;Desde Oviedo, autovía A-63 (Grado-La Espina) hasta Trubia. Tras cruzar el puente sobre el río Nalón, tomar desvío a la izquierda por la carretera AS-228 hasta Villanueva, capital del Concejo.;;Pernocta posible Restaurante (próximo) Zona pícnic Admite mascotas;Bº Las Xanas. 33115 Villanueva;;;;;43.274444,-5.994444;/documents/39908/62121/desfiladero-xanas-%281%29.jpg/59bb8107-d33d-bfe9-8517-467bf7caeef5?t=1674187864357,/documents/39908/62121/horreo-en-villanueva.jpg/e53bfb1e-55c1-b7f0-d08d-9cb8517fdeaa?t=1674187865679,/documents/39908/62121/desfiladero-xanas-%282%29.jpg/24bc4d57-af6b-a46a-3356-111466d3538a?t=1674187865006,/documents/39908/62121/villanueva.jpg/7af90a80-5adf-8429-1fba-9086b6a05555?t=1674187866370;Ruta por el Desfiladero de Las Xanas, muy cerca del parking de autocaravanas,Hórreo en Villanueva, Santo Adriano,Ruta de Las Xanas, cerca del parking de autocaravanas,Villanueva en Santo Adriano;,,,;Aparcamiento donde se permite el estacionamiento y pernocta de autocaravanas. No se permite desplegar mesas, sillas y demás elementos de acampada. Mesas con buenas vistas para hacer pícnic y un bar frente al aparcamiento.;
Área de autocaravanas de Luarca;Valdés;Occidente de Asturias;15;Gratuita;72 h.;;Desde la localidad de Luarca por la carretera AS-36, a 500 metros de la N-634 y A-8.;;Pernocta posible  Agua potable  Vaciado aguas grises  Vaciado aguas negras Servicio hostelería Supermercado / tienda  Gasolinera próxima <10km.  Zona Pic-nic Transporte público Parking;Avda. de la Estación, 2-16. 33700. Luarca;985 640 083;turismo@ayto-valdes.net;;;43.53815,-6.53685;/documents/39908/2721542/autocaravanas_luarca_%282%29.jpg/34007712-7bfe-6742-2540-1735437414a3?t=1700210058013,/documents/39908/2721542/autocaravanas_luarca_%283%29.jpg/e52c60d5-2466-22dc-7ecd-40c4f66a99fe?t=1700210059620,/documents/39908/2721542/autocaravanas_luarca_%281%29.jpg/34ac2c58-1986-bc3e-239e-db3db29a8149?t=1700208078941;Área de autocaravanas de Luarca,Área de autocaravanas de Luarca,Área de autocaravanas de Luarca;,,;;
Área de aparcamiento y servicios Autocaravanas de Bimenes;Bimenes;Oriente de Asturias;5;Gratuita;48 h.;;;;Vaciado de aguas grises y WC químico. Toma de agua. Espacios comerciales y atracciones turísticas en las cercanías. Normas de uso: Consultar;33528. Rozaes;;;;;43.313815,-5.568545;/documents/39908/10232390/autocaravanas-bimenes+%281%29.jpg/8c133da3-965b-1899-e9dd-7e80faecd1e4?t=1728556602681,/documents/39908/10232390/autocaravanas-bimenes+%282%29.jpg/ba87c853-8c08-b039-f99a-ac32adfb0b6c?t=1728556604215,/documents/39908/10232390/autocaravanas-bimenes+%285%29.jpg/525de749-f06e-7801-70ec-7fff9b8e017c?t=1728556608399,/documents/39908/10232390/autocaravanas-bimenes+%284%29.jpg/4b9e5240-acaf-0702-cbf3-679774bb6fd3?t=1728556607046;Área de aparcamiento y servicios Autocaravanas de Bimenes,Área de aparcamiento y servicios Autocaravanas de Bimenes,Área de aparcamiento y servicios Autocaravanas de Bimenes,Área de aparcamiento y servicios Autocaravanas de Bimenes;,,,;;
Área autocaravanas de Vegadeo;Vegadeo;Occidente de Asturias;8;Gratuita;48 h.;Pública;Acceso a Vegadeo desde las carreteras N-640, AS-11, AS-21 y AS-22.;;Carga agua potable Vaciado aguas grises Vaciado aguas negras Servicios hostelería (próximos) Supermercado/tienda (próximos) Gasolinera < 10 km Parque infantil;C/ Emilio Cotarelo (Recinto Ferial). 33770. Vegadeo;;;;;43.466667, -7.051667;/documents/39908/62292/Vaca-Silvallana_-Vegadeo.jpg/81d43b6a-80fc-c50e-82c3-6091357a818f?t=1674188040182,/documents/39908/62292/Vegadeo_3.jpg/1c842ad9-c80c-41e5-8105-04c390fea909?t=1674188038209,/documents/39908/62292/Vegadeo_1.jpg/db033bea-2796-19d8-6ce7-af6c9f909e8c?t=1674188038897,/documents/39908/62292/Vegadeo_2.jpg/f5dfd455-e145-7faa-e01e-f6bbcf607df8?t=1674188039531;Vaca Silvallana en Vegadeo,Área autocaravanas de Vegadeo,Área autocaravanas de Vegadeo,Área autocaravanas de Vegadeo;,,,;;
Aparcamiento del dique de Cudillero;Cudillero;Occidente de Asturias;5;Gratuito;48h.;Público;Desde la Autovía del Cantábrico [A-8/E-70] tomar la salida 431 hasta Cudillero. Una vez en la rotonda tomar la segunda salida (Cu-3) dirección Cudillero. En la última curva coger el primer desvío a la izquierda para llegar al aparcamiento de caravanas del puerto. ;;Pernocta posible  Gasolinera póxima <10km.  Parking;Carretera CU-3 33159 Cudillero;;;;;43.56872, -6.15349;/documents/39908/2560666/Dique-%281%29.jpg/902f1576-6c95-8111-be43-c32cd1b05760?t=1698144857818,/documents/39908/2560666/Dique-%282%29.jpg/913169fd-32c9-c731-960b-58b35d9a7d20?t=1698144859824,/documents/39908/2560666/Dique-%283%29.jpg/4c589cdb-ed1d-b406-8433-c3371117106d?t=1698144861173,/documents/39908/2560666/Dique-%284%29.jpg/56f70ffd-bb62-f28b-f51e-aaa2478c47b5?t=1698144862519;Dique 1,Dique 2,Dique 3,Dique 4;,,,;;
Área de autocaravanas de Navia;Navia;Occidente de Asturias;17;Gratuita;48 h en la zona de vaciado de aguas. No hay límite en el resto de zonas.;Pública;Acceso a Navia por la Autovía A-8 y las carreteras N-634 y AS-12. El área está en dirección a la playa.;;Pernocta posible Agua potable Vaciado aguas grises Vaciado aguas negras Servicios hostelería Supermerado / tienda Gasolinera próxima <10km.  Zona Pic-nic Piscina Parking;Travesía de la Granja. s/n 33710;;turismo@ayto-navia.es;;;43.545228, -6.72028;/documents/39908/62247/Navia_caravanas%281%29.jpg/be272d7b-4bc0-8d37-2af9-44fd80fc9203?t=1698137810351,/documents/39908/62247/navia_caravanas%282%29.jpg/e29ffee6-aac6-b552-a213-457a4bf47bc9?t=1698137812269,/documents/39908/62247/navia_caravanas%283%29.jpg/edbb29e5-b676-c217-8417-ae332c77df87?t=1698137813609,/documents/39908/62247/LaGranja_1.jpg/09cb68ef-6c96-1828-9c98-11aa2c129e61?t=1674187993737;área de autocaravanas de Navia 1,Área de autocaravanas de Navia 2,Área de autocaravanas de Navia 3,Área Municipal de La Granja;,,,;;
Área autocaravanas de Ribadesella;Ribadesella;Oriente de Asturias;5;;48 h.;Pública;Desde la autovia A-8/E-70, tomar la salida 319 y seguir por la carretera N-632 hacia Ribadesella. A la entrada de la población, tomar a la derecha la AS-263 en dirección Llanes y a unos 800 m. a la izquierda está el área.  ;;Pernocta posible Craga agua potable Vaciado de aguas grises Vaciado de aguas negras Restaurante (próximo) Supermercado (próximo) Zona pícnic Gasolinera < 10 km Admite Mascotas;Ctra. de la Estación AS263. 33650. Ribadesella/Ribeseya;985 860 038;;;;43.460278,-5.054167;/documents/39908/62124/ribadesella-santa-marina.jpg/0842e9cb-72e9-3781-21cc-8ddf3e44be21?t=1674187869533,/documents/39908/62124/acantilados-guadamia.jpg/00da061e-4080-88c9-f433-5653f9af3db7?t=1674187866975,/documents/39908/62124/ria-ribadesella.jpg/d6086c56-326a-727e-3958-268167a1ba82?t=1674187868536,/documents/39908/62124/ar-guadamia.jpg/54517b27-6503-9ab7-6973-a4634178a6e5?t=1674187867616;Playa de Santa Marina en Ribadesella,Acantilados de Guadamía en Ribadesella,Ría de Ribadesella,Área Recreativa de Guadamía en Ribadesella;,,,;No se permite acampar. La gasolinera y demás servicios están en el casco urbano, a unos 600 m;
Área autocaravanas de Tineo;Tineo;Occidente de Asturias;2;Gratuita;48 h.;Pública;Si se llega desde la N-634, en la rotonda de la entrada, de frente hacia el centro urbano por la avenida de Oviedo y seguir indicaciones del albergue municipal. Unos metros antes está el área.;;Pernocta posible Punto ecológico cambio de aguas En caso de estar ocupadas las plazas se permite estacionar en el recinto ferial No se permite sacar mesas, sillas, etc Todos los servicios en el casco urbano Más información: 985 900 202;C/ Cabezas de San Juan, 1 (junto al Albergue Municipal de Peregrinos). 33879. Tinéu;985 900 202 / 985 801 084;;;;43.336111,-6.407500;/documents/39908/62142/casas-con-galeria-conjunto-historico-de-tineo.jpg/e8917810-830b-f9cb-97b8-cee73476e998?t=1674187884767,/documents/39908/62142/mercadillo-semanal-de-tineo.jpg/94970dca-07b1-868d-7df4-49f199795178?t=1674187885423,/documents/39908/62142/palacio-de-meras.jpg/bf79d887-fad4-dc66-7822-df8934a0475f?t=1674187886179,/documents/39908/62142/vista-panoramica-de-tineo.jpg/356ab3d4-4c6e-0869-d4f2-717e76eb8de8?t=1674187886805;Casas con galería en el Casco Histórico de Tinéu,Mercadillo semanal en Tinéu,Palacio de Merás en Tinéu,Vista panorámica de la Villa de Tinéu;,,,;;
Área autocaravanas de Overo;Corvera de Asturias;Centro de Asturias;17;Gratuita;72 h.;Pública;AI-81, ronda Parque Astur, AS-389  ;;Pernocta posible  Agua potable Vaciado aguas grises  Vaciado aguas negras Servicios hostelería Supermercado / tienda Gasolinera próxima <10km. Zona Pic-nic Transporte público Parking   ;Overo. Trasona. AS-389;9850505 769;alcaldia@ayto-corvera.es;;;43.544167,-5.883056;/documents/39908/62196/%C3%81rea_Autocaravanas_Corvera_de_Asturias.jpg/e4b04113-902f-08f2-6cc3-619251b5879c?t=1697707191271,/documents/39908/62196/bienvenida-a-corvera.jpg/87587a95-e38a-2604-c08c-9c942bef9545?t=1674187939500,/documents/39908/62196/piraguistas-embalse-trasona.jpg/fe2c0791-ca51-f17a-fc48-a7e556f304e7?t=1674187940875,/documents/39908/62196/palacio-penalver-corvera.jpg/d8fca0d7-26bd-868e-1d97-78f03cf06fe4?t=1674187940101,/documents/39908/62196/area-recreativa-de-gabitos.jpg/aa4c6a7f-caf5-2723-075d-4e152b1b8282?t=1674187938881;Área de Autocaravanas de Corvera,Bienvenido a Corvera,Piragüistas en el Embalse de Trasona,Palacio de Peñalver en Corvera,Área recreativa de El Gavito en Corvera de Asturias;,,,,;;
Área de autocaravanas de Cangas del Narcea;Cangas del Narcea;Occidente de Asturias;2;Gratuita;72 h.;Pública;Se localiza en el casco urbano de Cangas del Narcea. Se accede desde las carretera AS-15 Cornellana – Puerto de Cerredo y la carretera AS-213 Cangas del Narcea – Puerto de Leitariegos.;;Pernocta posible Vaciado aguas grises Vaciado aguas negras Agua potable Servicios hostelería (próximos) Supermercado/tienda (próximos) Gasolinera < 10 km Transporte público < 10 km;La Cortina s/n 33800;985 813 812 / 985 811 498;turismo@ayto-cnarcea.es,turismo@ayto-cnarcea.es;;;43.18083,-6.54889;/documents/39908/62217/2022-entorno-area-autocaravanas-cangas.jpg/9b60135f-4289-7eee-a582-203fb2e08872?t=1674187963192,/documents/39908/62217/Areautocaravanas-CNarcea1.jpg/0685e821-d43a-5ba2-cbba-5457c196ee81?t=1674187960005,/documents/39908/62217/Areautocaravanas-CNarcea2.jpg/c77589e1-c35c-9a4f-84f4-57a385e4197f?t=1674187961355,/documents/39908/62217/Areautocaravanas-CNarcea3.jpg/5228c6d5-9601-19c7-5e5b-637b6f8efbff?t=1674187961967,/documents/39908/62217/Autocaravanas_cangas_del_narcea%283%29.jpg/5f334df6-4801-b4c5-e3e2-a9aa35422c99?t=1699364866490;Entorno del Área de autocaravanas de Cangas del Narcea,Área autocaravanas Cangas del Narcea,Área autocaravanas Cangas del Narcea,Área autocaravanas Cangas del Narcea,Área autocaravanas Cangas del Narcea;,,,,;;
Parking autocaravanas de Buyera (Santo Adriano);Santo Adriano;Centro de Asturias;10;;;Pública;Desde Oviedo, autovía A-63 (Grado-La Espina) hasta Trubia. Tras cruzar el puente sobre el río Nalón, tomar desvío a la izquierda por la carretera AS-228. Poco antes de llegar a Proaza, está el parking a la izquierda.;;Pernocta posible Zona infantil Zona pícnic Admite mascotas Piscisna y duchas (próximas);Carretera AS228, km 12,300. 33115. Santo Adriano;;;;;43.263889,-6.004444;/documents/39908/62184/molina-%281%29.jpg/b3ae16d6-f9c6-e03d-09e3-ebb43f183e13?t=1674187928084,/documents/39908/62184/estatua-osa-con-cria-senda-del-oso-santo-adriano.jpg/0e20eae6-015d-ca45-22ba-289a2238a4c0?t=1674187927527,/documents/39908/62184/molina-%282%29.jpg/776ed1dd-a104-d72d-693e-a70fa11dffa4?t=1674187928715,/documents/39908/62184/senda-del-oso-a-su-paso-por-santo-adriano.jpg/0bb2f381-0730-7b98-4481-a5bdd19c4002?t=1674187929319;Osa Molina en el cercado osero de Buyera,Estatua de osa con cría en la Senda del Oso a su paso por Santo Adriano,Osa Molina en el cercado osero de Buyera,En bicicleta por la Senda del Oso su paso por Santo Adriano;,,,;Aparcamiento autorizado para el estacionamiento y pernocta de autocaravanas. No se permite desplegar mesas, sillas y demás elementos de acampada.  ;
Parking autocaravanas Senda del Oso (Entrago);Teverga;Centro de Asturias;25;Gratuita;;Pública;Desde la misma carretera AS-228, antes de llegar a Teverga, en Entrago, a mano derecha hay un cartel indicador de Parking Senda del Oso. Al inicio está el área y un poco más allá el parking.;;Pernocta posible Gasolinera < 10 km Zona de juegos Zona de pícnic Restaurante (próximo);33111. Entrago;;;;;43.17000, -6.09694;/documents/39908/62130/senda-del-oso.jpg/58b8e132-48ce-db7a-89aa-37bf6826f7bc?t=1674187875422,/documents/39908/62130/escuela-escalada-senda-del-oso.jpg/ce25aa26-95f3-ca6f-19f8-8d97072f6945?t=1674187874848,/documents/39908/62130/ciclistas-en-la-senda-del-oso.jpg/309576d7-84bd-57f4-1f5b-4763ac01dfe5?t=1674187874170,/documents/39908/62130/cartel-indicador-senda-del-oso.jpg/9b188939-bd2d-a6d8-eedc-bda846bbb354?t=1674187873274;Senda del Oso,Escuela de escalada en la Senda del Oso,Cicloturistas en la Senda del Oso,Cartel indicador de la Senda del Oso;,,,;;
Área autocaravanas de Llanes;Llanes;Oriente de Asturias;19;Pernocta: 6€/noche Uso servicio de agua: 2€;48 h.;Pública;Entrada oeste de Llanes;;Pernocta posible Craga agua potable Vaciado aguas grises Vaciado aguas negras Servicios de hostelería (próximos) Supermercado/tienda (próximos) Zona pícnic Gasolinera < 10 km Transporte público < 10 km Piscina (próximo);Avda. La Talá. 33500. Llanes;927 208 764;web@areaspla.com;;;43.423611,-4.767500;/documents/39908/62136/Llanes-4.jpg/2c5101ce-2408-9bb4-fe22-54b0e35e34ac?t=1674187881754,/documents/39908/62136/Llanes-2.jpg/983e3046-7355-0781-f65a-4ec93200d417?t=1674187879914,/documents/39908/62136/Llanes-1.jpg/05c1e87f-a378-7269-804e-b100ea89da3a?t=1674187878726,/documents/39908/62136/Llanes-3.jpg/f0391294-ce58-a9a7-1c24-2baa1b77550f?t=1674187881181;Área de autocaravanas de Llanes,Área de autocaravanas de Llanes,Área de autocaravanas de Llanes,Área de autocaravanas de Llanes;,,,;;
Área Municipal de Autocaravanas de Salas;Salas;Occidente de Asturias;8;Gratuitio;72 h.;;;;Pernocta posible  Agua potable  Vaciado aguas grises  Vaciado aguas negras Servicios hostelería Supermercado / tienda Gasolinera próxima < 10 km.  Zona Pic.-nic Vigilancia  Aparcamiento Lavandería autoservicio (a unos 400 metros);Avenida de Llaniello, 10 33860 Salas;985 830 988;turismo@ayto-salas.es;;;43.40417,-6.25556;/documents/39908/2527638/%C3%81rea_Autocaravanas_de_Salas+%282%29.jpg/93938344-507c-d209-e885-cf363642b1a2?t=1697781915075,/documents/39908/2527638/%C3%81rea_Autocaravanas_de_Salas+%281%29.jpg/fbafa5f7-5e30-1b13-a111-b2ba55bd51b0?t=1697781912870,/documents/39908/2527638/%C3%81rea_Autocaravanas_de_Salas+%283%29.jpg/768d97c2-56b5-811e-54a9-ac02813d3f53?t=1697781916532,/documents/39908/2527638/%C3%81rea_Autocaravanas_de_Salas+%284%29.jpg/14d70f10-1cb8-df5e-c694-71c0dba029d3?t=1697781917858;Área Municipal de Autocaravanas de Salas 1,Área Municipal de Autocaravanas de Salas 2,Área Municipal de Autocaravanas de Salas 3,Área Municipal de Autocaravanas de Salas 4;,,,;;
Parking autocaravanas Avenida Gijón (Avilés);Avilés;Centro de Asturias;5;Gratuita;48 h.;Pública;Accesos: Salida hacia AI-81/Avilés/N-633/ Puerto 750 m. Mantenerse a la derecha en la bifurcación, seguir las señales de AS-19/Tabaza y pasar a Av. de Gijón/AS-129 49 m. Incorporarse a Av. de Gijón/AS-19, hay una gasolinera de Repsol y justo después, un parking y el área.;;Pernocta posible Entorno urbano Vaciado aguas grises Vaciado aguas negras Carga agua potable Servicios hostelería (próximos) Supermercado/tienda (próximos) Gasolinera < 10 km;Avda. Gijón. 33402. Avilés;Ayuntamiento: 985 122 100 / Policía local: 985 525 410;;;;43.551194,-5.913619;/documents/39908/62211/paseo-de-la-ria-aviles.jpg/10d98e0d-f51b-8d91-fbbd-77a32d1eed3b?t=1674187956251,/documents/39908/62211/Autocaravanas_Aviles3.jpg/cfea857e-f1a0-9326-f7b0-230f671ce2bc?t=1674187955682,/documents/39908/62211/Autocaravanas_Aviles2.jpg/f4d86d45-7dad-cfd9-8955-468756ac3422?t=1674187955043,/documents/39908/62211/Autocaravanas_Aviles.jpg/681cea79-2ada-072c-89e4-a64f0e82080b?t=1674187954458;Paseo de la Ría en Avilés,Área para autocaravanas de Avilés,Área para autocaravanas de Avilés,Área para autocaravanas de Avilés;,,,;;
Área autocaravanas de Santa Eulalia (Morcín);Morcín;Centro de Asturias;10;;;Pública;Desde Oviedo y Mieres se llega por la N-630. Una vez en el pueblo hay que pasar por el centro de Santa Eulalia para dirigirse al área, ya que hay un problema con la cartografía y en otro caso los navegadores te llevarán por una antigua pista que ya no existe.  ;;Pernocta posible Carga agua potable Vaciado aguas grises Vaciado aguas negras Restaurante/Cafetería (próximos) Supermercado (próximo) Zona pícnic Admite mascotas;Calle Pumarín, 9. 33162. Santolaya;985 783 178;;;;43.281389,-5.873333;/documents/39908/62166/vistas-desde-penerudes-con-los-alfilorios-al-fondo.jpg/005fad41-6878-100d-4444-16f0475864f8?t=1674187911057,/documents/39908/62166/torreon-penerudes.jpg/4ab1be12-bf25-1e3d-9f4c-b1f02ae2f3a4?t=1674187910456,/documents/39908/62166/embalse-de-los-alfilorios.jpg/418aa6fb-2d55-2f4c-b8b5-39f0ce5dc4be?t=1674187909084,/documents/39908/62166/penerudes.jpg/ee3d6e21-2435-b260-dfc8-d15d8afb83df?t=1674187909690;Vistas desde Peñerudes con los Alfilorios al fondo,Torreón de Peñerudes,Embalse de los Alfilorios,Peñerudes;,,,;Situada al lado de un área recreativa con mesas para picnic. Los servicios de hostelería compras, farmacia, etc… están en el pueblo, a unos 300 m. cruzando el área recreativa.;
Área autocaravanas de Grandas de Salime;Grandas de Salime;Occidente de Asturias;2;Gratuita;48 h.;Pública;Desde Navia y Boal por la A8-12. Justo al cruzar la villa a la derecha. Desde Pola de Allande por la AS-14 en la primera calle a la izquierda a la entrada de Grandas.;;Pernocta posible Carga agua potable Vaciado aguas grises Vaciado aguas negras Servicios hostelería (próximos) Supermercado/tienda (próximos) Gasolinera <10 Km Piscina cercana (julio y agosto) Aparcamiento (julio y agosto) Área recreativa (próxima);C/ Pedro de Pedre, 11. 33730. Grandas de Salime;985 627 021 (Ayto. Grandas de Salime);;;;43.215657, -6.875983;/documents/39908/62202/07256_Grandas_de_Salime.jpg/2dc59dc9-7a3c-7b6c-26bc-41c89c7d7ae7?t=1674187947505,/documents/39908/62202/DSCN4105.jpg/d33c033b-253f-2fda-14f5-836a06ef0ad1?t=1674187945390,/documents/39908/62202/embalse-grandas-de-salime.jpg/f19b5023-2297-3c9e-c084-8ef528598349?t=1674187944034,/documents/39908/62202/AreaAutocaravanasGrandasdeSalime.jpg/617e1fff-86f0-f7b6-77d8-eea7fb1ef546?t=1674187944726;Vistas de Grandas de Salime,Área Autocaravanas de Grandas de Salime,Embalse de Grandas de Salime,Área Autocaravanas de Grandas de Salime;,,,;;
Área autocaravanas Avia-Cudillero;Cudillero;Occidente de Asturias;5;Gratuita;;Pública;Desde la Autovía del Cantábrico [A-8/E-70] tomar la salida 431 hacia Cudillero. Una vez en la rotonda tomar la primera salida hacia la derecha (N-632), dirección Muros de Nalón. A pocos metros en una mini-rotonda, coger la segunda salida (N-632). A pocos metros, a la derecha, está el devío hacia la gasolinera. ;;Pernocta posible Vaciado aguas negras Vaciado aguas grises Agua potable Gasolinera próxima < 10 km Vigilancia Parking;;;;;;43.554748, -6.166650;/documents/39908/62115/Avia-%281%29.jpg/bae412ad-cbfc-67a2-45d0-d2645b2348c3?t=1698149613821,/documents/39908/62115/Avia-%282%29.jpg/f5544876-20e7-43ae-a470-6bca4314891a?t=1698149615393,/documents/39908/62115/Avia-%283%29.jpg/c322199c-7663-ed84-7663-f9655da07672?t=1698149616771,/documents/39908/62115/Avia-%284%29.jpg/dc06c9df-1e4a-6308-2998-eaa44bae526d?t=1698149618259;Avia 1,Avia 2,Avia 3,Avia 4;,,,;Los servicios de cambio de aguas son gratis para los clientes de la gasolinera. No hay plazas reservadas para Acs, pero se puede pernoctar en el parking. Dispone además de tienda, venta de gas y zona de lavado. Vigilancia por cámaras las 24 horas. ;
Área autocaravanas de El Angliru (Riosa);Riosa;Centro de Asturias;15;Pernocta + cambio de aguas: 5€/día Sólo cambio de aguas: 3€;48 h.;Privada;Desde la A-66, salida 44 y seguir por N-630 hacia Oviedo. A la altura del km. 41, salir por la AS-231 hacia La Foz/Riosa. Al llegar a La Vega de Riosa, tomar la RI-2 hacia Grandiella y después la RI-5 hacia el Mirador del Angliru.;;Carga agua potable Vaciado aguas grises Vaciado aguas negras Servicios hostelería (próximos) Zona pícnic Parque infantil;33160. Grandiella/Grandie??a;984 243 826;;;;43.24806,-5.90667;/documents/39908/62232/area_Angliru1.jpg/2ba06d91-4b9a-ce57-ed33-82f3313eaee4?t=1674187976374,/documents/39908/62232/el-angliru+%287%29.jpg/4a221f32-dae4-b28b-61e6-49a948f1f76b?t=1674187981795,/documents/39908/62232/el-angliru+%281%29.jpg/bf479d91-292d-6eec-34fd-d5c52d3a55cf?t=1674187977020,/documents/39908/62232/el-angliru+%285%29.jpg/78174191-a893-47b6-5f68-7eab4bb29c0a?t=1674187980375;Subiendo a El Angliru,Carretera de subida a El Angliru,Carretera de subida a El Angliru,Carretera de subida a El Angliru;,,,;;
Área autocaravanas de Jarrio (Coaña);Coaña;Occidente de Asturias;10;;48 h.;Pública;Acceso por la A-8 , desvío a la carretera N-634 y tomar nuevamente desvío hacia Hospital Comarcal de Jarrio, pasado éste, girar a la izquierda por CÑ-6. Inmediatamente, girar a la derecha al Área (entre farmacia y cafetería).;;Pernocta posible Agua potable Vaciado aguas grises  Vaciado aguas negras Gasolinera próxima< 10km.  Vigilancia Wifi;33719. Xarrio;679 810 007 / 985 630 801;areadeturismo@ayuntamientodecoana.com;;;43.5462855,-6.7464426,197;/documents/39908/62277/COA%C3%91A.jpg/1bc15bfd-8740-2f02-75e6-305af50bd523?t=1698060603147,/documents/39908/62277/COA%C3%91A2.jpg/c591532d-3405-9b17-e115-6511fbed1c68?t=1698060605385,/documents/39908/62277/COA%C3%91A3.jpg/aa27ee35-c806-db88-95cd-9d2d43ff2e39?t=1698060606935,/documents/39908/62277/COA%C3%91A4.jpg/826e4d60-f879-c8eb-a912-b52c9bcfe3c9?t=1698060608511;Área de autocaravanas de Jarrio 1,Área de autocaravanas de Jarrio 2,Área de autocaravanas de Jarrio 3,Área de autocaravanas de Jarrio 4;,,,;;
Área autocaravanas del Pozo Entrego (L' Entregu/El Entrego);San Martín del Rey Aurelio;Centro de Asturias;3;Gratuita;48 h.;Pública;Acceso por la carretera AS-13, tomar la salida al Entrego, frente al MUMI. El área está al final de la seguir toda la Avenida de la Vega.;;Carga agua potable Vaciado aguas grises Vaciado aguas negras Servicios hostelería (próximos) Supermercado/tienda (próximos) Gasolinera < 10 km Parque infantil;Avda. de la Vega. 33940. L' Entregu/El Entrego;;;;;43.286389, -5.638889;/documents/39908/62286/el-entrego.jpg/81091c98-c7c7-42a4-871a-603ac018cfea?t=1674188030024,/documents/39908/62286/mumi-el-entrego.jpg/45c3101e-9b86-cc44-0d2c-4f6a3812dace?t=1674188031184,/documents/39908/62286/pozo-soton.jpg/74bea697-5243-f469-38d8-d8bbbbd778da?t=1674188032499,/documents/39908/62286/mumi-el-entrego-1.jpg/9d567d15-a9a5-2475-253c-3a286d11181a?t=1674188031818;Vistas de L' Entregu/El Entrego,MUMI (Museo de la Minería y de la Industria) en L' Entregu/El Entrego,Vistas del Pozo Sotón en San Andrés de Llinares, San Martín del Rey Aurelio,Interior del MUMI (Museo de la Minería y de la Industria) en L' Entregu/El Entrego;,,,;;
Área autocaravanas de El Peral (Casa Junco);Ribadedeva;Oriente de Asturias;15;Gratuita;;Privada;Se accede por la N-634. El área está en la misma carretera.;;Craga agua potable Vaciado aguas grises Vaciado aguas negras Gasolinera < 10 km;Rte. Casa Junco N634, km 283. El Peral. 33590. Colombres;985 412 243;;;;43.380556,-4.554722;/documents/39908/62253/CasaJunco_1.jpg/44adef22-2b80-9529-17d0-c0501c5f313a?t=1674188001438,/documents/39908/62253/archivo-de-indianos.jpg/3029ede8-2cd6-5538-8778-ba3bff51577f?t=1674188002052,/documents/39908/62253/CasaJunco_2.jpg/3f956810-d265-6972-8d5d-9fca03a534df?t=1674188000829,/documents/39908/62253/casa-de-piedra-colombres.jpg/bd4c1f6e-10f5-ab53-98c6-127ed061710c?t=1674188002678;Área autocaravanas de El Peral (Casa Junco),Archivo de Indianos en Colombres,Área autocaravanas de El Peral (Casa Junco),Casa de Piedra en Colombres;,,,;;
Área autocaravanas de La Plaza (Teverga);Teverga;Centro de Asturias;10;Gratuita;;Pública;Ctra. AS-228 hasta San Martín. Continuar por la TE-1 dirección Puerto de San Lorenzo. Se encuentra a pocos metros antes de llegar a La Plaza.;;Carga agua potable Vaciado aguas grises Vaciado aguas negras Servicios hostelería (próximos) Supermercado/tienda (próximos) Gasolinera <10 km Zona pícnic Parque infantil Transporte público < 10 km Aparcamiento;Ctra. TE1. La Plaza. 33111. Samartín;985 764 293;;;;43.15944, -6.10083;/documents/39908/62235/pena-sobia-desde-la-plaza.jpg/7dc4fbd5-a5d7-6618-d28e-944ce6c3c9f3?t=1674187984473,/documents/39908/62235/AreaLa+Plaza_Teverga2.jpg/e1661dad-9d67-7383-a4d9-c8693bf6d4f5?t=1674187982446,/documents/39908/62235/colegiata-san-pedro-la-plaza.jpg/831ae1ac-8c51-0db2-6799-646e423f27b0?t=1674187985080,/documents/39908/62235/%C3%81reaLaPlaza_Teverga1.jpg/48bb6c97-e7b9-1160-e5c1-70643185bc6b?t=1674187983784;Peña Sobia desde La Plaza, cerca del área de autocaravanas,Área autocaravanas de La Plaza,Colegiata de San Pedro en La Plaza,Área autocaravanas de La Plaza;,,,;;
Parking de La Foz de Morcín;Morcín;Centro de Asturias;10;Gratuita;48 h.;Pública;Desde Oviedo y Mieres se llega por la N-630, tomando el desvío por la AS-231 a la altura de los túneles de Vega San Pedro. Después de pasar La Maza y La Puente, se llega a La Foz. Una vez en el pueblo, el parking está detrás del Polideportivo.;;Permite pernoctar Aparcamiento (sin servicio cambio aguas) No se permite sacar mesas, sillas, etc… Restaurantes (próximos) Cajero (próximo) Farmacia (próxima);Plaza del Polideportivo. 33161. La Foz de Morcín;985 783 178;;;;43.25306,-5.87083;/documents/39908/62169/Parking+autocaravanas+de+La+Foz+de+Morc%C3%ADn+%285%29.jpg/26fba89f-8502-32f0-d3d6-3140adabb1ae?t=1674187914463,/documents/39908/62169/Parking+autocaravanas+de+La+Foz+de+Morc%C3%ADn+%283%29.jpg/5fed8774-27ea-8c9c-f8fc-d85bf525f1f0?t=1674187913150,/documents/39908/62169/Parking+autocaravanas+de+La+Foz+de+Morc%C3%ADn+%286%29.jpg/00b669a6-4d7c-aa27-77e6-f274b97c6d20?t=1674187915401,/documents/39908/62169/Parking+autocaravanas+de+La+Foz+de+Morc%C3%ADn+%284%29.jpg/905e607c-e4c6-be6e-b357-b468183e17be?t=1674187913833;Vistas de La Foz de Morcín,La Foz de Morcín al fondo,La Foz de Morcín,La Foz de Morcín;,,,;;
