Nombre;Titularidad;Concejo;Zona;Dirección;Código postal;Localidad;Teléfono;Email;Web;Más información;Facebook;Twitter;Youtube;GooglePlus;Pinterest;Instagram;Rss;Canal ;Url;Título;Texto;Horario;Fecha de construcción;Observaciones;Patrimonio de la Unesco;Reserva de la Biosfera;Coordenadas;Slide;Título;Url
Iglesia de San Tirso el Real;Eclesiástica;Oviedo;Centro de Asturias;Pza. de Alfonso II;33003;Oviedo/Uviéu;985 220 702;;;;;;;;;;;;;Fundada en el siglo IX, sufrió sucesivas remodelaciones en los siglos XII, XVI, XVIII y XX.;De su antigua fábrica prerrománica únicamente conserva la parte superior del muro testero, de sillarejo, con medallones en los extremos de su alero y cubierta a dos aguas. Tiene un ventanal ajimezado de tres huecos formados por tres arquillos semicirculares de ladrillo sobre cuatro pequeñas columnas de mármol con capiteles de tipo romano, enmarcado por un alfiz formado por una moldura. A cada lado de la parte superior de éste, sobresalen dos piedras con un agujero en el centro. Probablemente servirían de goznes para las puertas que cerraban la ventana. La iglesia consta de tres naves separadas por pilares de sección cuadrada sobre los que apoyan arcos de medio punto y apuntados. La nave central se cubre con bóveda de arista nervada y de cañón con lunetos las laterales. La capilla lateral del Evangelio, con bóveda de crucería, es de finales del siglo XVI y la de la Epístola, del siglo XVIII.;Visita libre (el testero Prerrománico se ve desde el exterior);Siglo IX;;;;43.362194,-5.843767;/documents/39908/46107/PRSanTirso2.jpg/df7645e8-09e2-239a-97be-04870ba4e7b8?t=1674174800564,/documents/39908/46107/PRSanTirso1.jpg/6c879bba-eb7a-9427-b2ef-bfcc4ecdfbef?t=1674174799916;Iglesia de San Tirso el Real detalle,Iglesia de San Tirso el Real exterior;,
Iglesia de San Salvador de Priesca;Eclesiástica;Villaviciosa;Oriente de Asturias;;33316;Priesca;985 891 759 / 985 976 712;;;;;;;;;;;;;Iglesia prerrománica, erigida en el año 921, según varios epígrafes grabados en el revoco de sus pilastras y desaparecidos hacia el año 1922.;La iglesia presenta planta basilical formada por tres naves, la central más ancha y alta que las laterales, cubiertas de madera y separadas por pilares de mampostería de base cuadrada con capiteles-imposta de molduras y basas que sustenta tres arcos formeros de medio punto de ladrillo revocado. En los muros de la nave central, sobre los pilares, se abren cuatro vanos rectangulares a cada lado, cerrados con celosías (en su mayor parte reconstruidas). La cubierta es de armadura vista. La cabecera es tripartita, las tres capillas se cubren con bóvedas de cañón. La capilla central está rodeada por una arquería ciega sobre rebanco formada por arcos de medio punto sobre columnas adosadas con capiteles de hojas muy esquemáticas, que junto con los capiteles del arco de triunfo, recuerdan los de Valdediós. En el interior se conservan restos de pinturas con motivos vegetales, geométricos y arquitectónicos. A los pies de la iglesia hay un pórtico dividido en tres recintos y sobre el central se levanta una tribuna. La iglesia prerrománica de San Salvador de Priesca (Villaviciosa) junto con la iglesia y casa rectoral de Santa María de Soto de Luiña (Cudillero), ambos en el Camino Costero, y la Catedral de El Salvador en Oviedo/Uviéu y el Monasterio de San Salvador de Cornellana (Salas), ambos en el Camino Primitivo, han sido reconocidos como Patrimonio Mundial de la Unesco.;Consultar;Siglo X;;;;43.484586,-5.360632;/documents/39908/46101/SanSalvadordePriesca001.jpg/1648ee80-8d6a-7f85-bde2-7d4553c866ec?t=1674174789407,/documents/39908/46101/PRSanSalvadorPriesca1.jpg/9ba410a3-ec97-74e5-6df5-f423c1cd735d?t=1674174790655,/documents/39908/46101/san-salvador-priesca.jpg/2f067239-8590-8b04-0f1b-b5791c2d9c4c?t=1674174792160,/documents/39908/46101/SanSalvadordePriesca002.jpg/748c84e3-31a1-0258-7c6a-108f898b19bb?t=1674174790047,/documents/39908/46101/SanSalvadordePriesca004.jpg/a8537b63-e8e0-1040-9119-1647acd8c624?t=1674174788755,/documents/39908/46101/salvador-priesca.jpg/12a8d114-9783-0ad9-a8cf-8648284c27d3?t=1674174791512;Iglesia de San Salvador de Priesca exterior,Iglesia de San Salvador de Priesca interior,Iglesia de San Salvador de Priesca exterior,Iglesia de San Salvador de Priesca exterior,Iglesia de San Salvador de Priesca detalle,Iglesia de San Salvador de Priesca exterior;,,,,,
Santa Cristina de Lena;Eclesiástica;Lena;Centro de Asturias;La Vega'l Rei;33630;Lena;609 942 153 (recomendable llamar con antelación);;;;;;;;;;;;;La UNESCO declaró a Santa Cristina de Lena Patrimonio de la Humanidad.;La iglesia de Santa Cristina de Lena, situada sobre una colina que domina el valle del río Lena, está sin duda relacionada con las obras del Naranco, aunque detecta mayor tosquedad ornamental. Pudo desarrollarse en época de Ramiro I (842-850) o en la de su sucesor Ordoño I (850-866), pero siempre con posterioridad al maestro que crea el estilo ramirense. Su estructura difiere de las de otras iglesias de la Monarquía Asturiana. Consta de una nave única, rectangular con cuatro pequeños salientes, también rectangulares, uno en el centro de cada muro exterior (pórtico, cabecera y habitaciones laterales). Todos los espacios están abovedados con bóveda de cañón sobre arcos fajones, y la construcción está reforzada al exterior con numerosos contrafuertes. La nave tiene cinco tramos, definidos por los arcos fajones que se apoyan en una arquería ciega que recorre los muros laterales. La cabecera está constituida por un cuerpo saliente. Su pavimento y el del último tramo de la nave están más elevados y se asciende a ellos a través de dos escaleras laterales. Este espacio está separado de la nave por un gran iconostasis formado por tres arcadas sobre capiteles y columnas, decorado con huecos rectangulares cerrados por celosías caladas y un cancel visigodo.  ;Consultar;852;;true;;43.128594,-5.813222;/documents/39908/46122/PRSantaCristina3.jpg/ef2b2bf5-6599-b312-99c3-4b0d232a0c2d?t=1674174815675,/documents/39908/46122/santa_cirstina_de_lena_4.jpg/14457536-ccc2-1d21-ce2a-9e4eb8209a0c?t=1674174816578,/documents/39908/46122/santa-cristina+%283%29.jpg/7a89c13c-8799-a536-b181-01d83a9adf05?t=1737630224109,/documents/39908/46122/PRSantaCristina2.jpg/a26b7682-b3d8-fb9f-9522-fb536cf497af?t=1674174814575,/documents/39908/46122/santa-cristina+%282%29.jpg/f4c88fcf-3df1-77ea-9988-4e49b72f138d?t=1737630222520;Santa Cristina de Lena exterior,Santa Cristina de Lena interior,Santa Cristina de Lena exterior,Santa Cristina de Lena exterior,Santa Cristina de Lena exterior;,,,,
San Andrés de Bedriñana;Eclesiástica;Villaviciosa;Oriente de Asturias;;33315;Bedriñana;;;;;;;;;;;;;;Conserva restos de la ermita primitiva.;Este templo, situado en la margen izquierda de la ría de Villaviciosa, conserva casi en su integridad la nave de un edificio prerrománico, identificada y documentada en los trabajos arqueológicos llevados a cabo en los años 2002 a 2004. Presenta planta rectangular con cabecera cuadrada, de mayor altura, cubierta a cuatro vertientes. La nave se cubre con estructura de madera vista, mientras que la cabecera lo hace con bóveda de cañón con lunetos y las capillas con bóveda de arista. En el interior destaca el arco de triunfo, con dos arquivoltas lisas de medio punto que se apoyan en dos columnas a cada lado con capiteles con decoración vegetal bastante tosca. La nave se ilumina mediante cinco pequeñas ventanas de estilo prerrománico, las tres situadas en la zona alta del muro sur y las del muro norte son geminadas, de arco de herradura decorado con un sencillo sogueado, están talladas en bloques monolíticos con columnillas y toscos capiteles troncopiramidales a cada lado (no se ha conservado ningún parteluz). La quinta ventana, en el imafronte, es de mayores proporciones, tiene remate semicircular y conserva una celosía con motivos vegetales. La portada es de gran sencillez, en arco de medio punto formado por dovelas y un guardapolvos liso.  ;01/07 a 31/08: Martes y viernes: 17:00 a 19:00 h.;S. IX;;;;43.500562,-5.438335;/documents/39908/45996/bedrinana-1.jpg/dca14d1a-073d-ce73-f8a6-53101045c5f6?t=1737710050484,/documents/39908/45996/bedrinana.jpg/dfdd7939-296b-d5cf-ddf5-a364f1817fe3?t=1737710016581;San Andrés de Bedriñana,San Andrés de Bedriñana;,
Cámara Santa;Eclesiástica;Oviedo;Centro de Asturias;Pza. de Alfonso II (interior de la Catedral);33003;Oviedo/Uviéu;985 219 642;reservas@catedraldeoviedo.com;https://catedraldeoviedo.com;;;;;;;;;;;La Cámara Santa, el remozado sueño espiritual de un rey asturiano.;La Cámara Santa de la Catedral de El Salvador en Oviedo/Uviéu luce luminosa y espléndida desde su última restauración, que ha hecho posible que desde el pasado catorce de abril muestre al público toda su belleza medieval, que la convierte en un símbolo de Asturias y en un significativo reclamo religioso, cultural y turístico. Fundada como capilla palatina por un rey asturiano, que la historia nombra como Alfonso II el Casto, y que vivió y amó en el siglo IX, la Cámara Santa de la Catedral de El Salvador de Oviedo/Uviéu ha sido testigo activo de miles de historias y avatares: punto de encuentro de peregrinos, devotos, viajeros, aventureros y hasta revolucionarios. Para todos ellos, de una u otra forma, ha sido referencia ineludible. Ha reído, sentido, llorado, latido, rezado, pensado al mismo tiempo que la Humanidad. Como su creador, la Cámara Santa albergó el sueño espiritual de miles de personas que desde el siglo IX hasta nuestros días se acercaron al recinto sagrado con distintos propósitos y con una sensación común: ante sus ojos se alzaba unos de los tesoros mejor guardados de la cultura y la historia de la Europa Occidental de los últimos mil años. El devenir del tiempo hizo de la Cámara Santa una recóndita y oscura cueva, que nunca dejó de albergar el Arca Santa y el Santo Sudario. La restauración acometida en los últimos meses le ha dado luminosidad y una atmósfera etérea, muy acorde con su naturaleza. Ahora se aprecia en toda su magnitud la pátina marfileña medieval, la perfección de las tallas románicas que reproducen las figuras de los apóstoles o la sobriedad de las cabezas del calvario. Ya no hay pinturas y se perciben las cicatrices de la intensa historia de Asturias, pero el escenario conserva intacto su mensaje y su atractivo. La nueva etapa de la Cámara Santa se inició el 14 de abril de 2014, y durante unos días los visitantes - que acceden en grupos no superiores a veinticinco personas – pudieron contemplar (concretamente) hasta el 26 de abril) el Santo Sudario, adecuadamente protegido en una cámara anóxida que hace posible su pervivencia milenaria. En el año en curso, el Sudario se mostrará en otras dos ocasiones, el 14 y el 21 de setiembre coincidiendo con el Jubileo de la Santa Cruz. Si Alfonso II levantará la cabeza y viera los miles de visitantes que pululan estas semanas por la Catedral de Oviedo, y se agolpan en la torre de San Miguel – la torre románica de la catedral -, a la puerta de su Cámara Santa, comprobaría que su sueño de arquitecto de la Europa medieval se ha cumplido: la Catedral de Oviedo es única y será para siempre la Santa Ovetensis, la Ruta Jacobea que él pensó y trazó la siguen cada año miles de peregrinos que sellan su credencial peregrina con orgullo en Oviedo, y la ciudad es la capital del Principado de Asturias…;Consultar;;;true;;43.362488,-5.843598;/documents/39908/46089/camara-santa+%283%29.jpg/286b9323-8ece-a782-af24-547ba8fb0102?t=1699000865996,/documents/39908/46089/camara-santa+%282%29.jpg/c7ff011f-c03f-a9ea-874d-e6dc3d16a7de?t=1699000864507,/documents/39908/46089/Camara+Santa%28Prensa+AYTO%29.jpg/7a8b7aa4-cbeb-fed9-aa38-56a941bcc4bd?t=1674174773396,/documents/39908/46089/06516.jpg/d67fc187-58f9-c50b-526f-9716e2d8d232?t=1674174774572,/documents/39908/46089/Camara_Santa2.jpg/3a879fa6-7d0e-4ca9-172e-b22cea9e8fe2?t=1674174770849;Cámara Santa,Cámara Santa,Interior de la Cámara Santa,Caja de las Ágatas en la Cámara Santa,;,,,,
Santa María del Naranco;Eclesiástica;Oviedo;Centro de Asturias;Avda de los Monumentos (Monte Naranco);33012;Oviedo/Uviéu;638 260 163 (WhatsApp) / 985 295 685 (Parroquia);santamariadelnaranco@gmail.com;https://www.santamariadelnaranco.es;;;;;;;;;;;Es la más significativa construcción del arte Prerrománico europeo.;El Palacio de Ramiro I ubicado en la falda del monte Naranco es una singular construcción sin una finalidad esclarecida (palacio, iglesia, pabellón real, aula regia, etc.). El edificio, de planta rectangular, está dividido en dos pisos, uno inferior o cripta que es totalmente cerrada y una superior diáfana, unidas por una escalera exterior. La construcción, de cuidada mampostería, está elevada sobre un zócalo de piedra para imprimirle un sentido vertical que se refuerza con los contrafuertes estriados que llegan hasta el tejado. El piso inferior o cripta, es similar a la de Santa Leocadia, en la Cámara Santa. Se accede a ella desde el exterior, y está totalmente abovedada reforzada con arcos fajones. Al piso superior se llega desde la escalera exterior. Es una sola estancia con miradores a ambos lados y unas ventanas ajimezadas que simulan otro piso en una de sus caras. Los miradores se estructuran en triple arquería que apoyan sobre columnas con fustes labrados y capiteles corintios. Exteriormente, desde las ventanas penden pilastras estriadas y con cruces que se rematan en medallones con figuración animal y humana. El interior, totalmente abovedado, está recorrido por arcos fajones que repiten la decoración exterior de pilastras decoradas con remate de medallones. Se puede acceder a pie por un camino de 150 m. (desde el aparcamiento), al que se llega desde Oviedo/Uviéu por la carretera del Naranco (dirección Ules). Las visitas guiadas parten desde Santa María del Naranco. Bus línea A2 (parada Prerrománico).  Aforo limitado. Disponible pago con tarjeta.;Consultar;;;true;;43.379055,-5.865849;/documents/39908/46104/santa-maria-naranco-.jpg/82409344-acec-d6f0-c711-eaf3ee199f37?t=1691653219777,/documents/39908/46104/santa-m-naranco-1.jpg/011c0a58-701d-486a-fc24-2f5f170ac7fd?t=1691653221281,/documents/39908/46104/santa-maria+%282%29-nueva.jpg/a6813348-fb46-a4aa-3682-0c32c1bf948c?t=1674174798723,/documents/39908/46104/santa-maria+%283%29-nueva.jpg/c483f7b1-fbf0-722c-7695-926a2ddc02b0?t=1674174799328;Santa María del Naranco,Santa María del Naranco,Santa María del Naranco,Santa María del Naranco;,,,
La Foncalada;Eclesiástica;Oviedo;Centro de Asturias;C/ Foncalada (esquina C/ Gascona);33001;Oviedo/Uviéu;;;;;;;;;;;;;;Único ejemplo de construcción de carácter civil del Prerrománico.;La fuente de Foncalada data del siglo IX y fue construida durante el reinado de Alfonso III el Magno (866-910). Constituye el único ejemplo de construcción de carácter civil con fines de utilidad pública de la Alta Edad Media. Protege el alumbramiento de un manantial de agua potable que brota del mismo suelo que se recoge en una piscina cubierta por un cuerpo de sillería, de planta rectangular con arco y bóveda de cañón peraltada, cuya parte superior se remata en doble vertiente, a norte y a sur, y termina lateralmente en imposta lisa en nacela. La fachada principal mira al este y en su frontón está esculpida en relieve la Cruz de la Victoria con el alfa y la omega pendiente de sus brazos. El arco semicircular está peraltado y despiezado en grandes dovelas de piedra. Hacia 1848 la Comisión de Monumentos reparó la fuente y seguramente se tapió el arco posterior.;Visita libre;Siglo IX;;true;;43.365280,-5.846036;/documents/39908/46119/la-foncalada-1.jpg/113d556a-7f76-e1a8-072f-963540be16de?t=1674174812073,/documents/39908/46119/la-foncalada-3.jpg/22fcb1c0-05fb-df5a-7d29-bbe52ee97e70?t=1674174813215;Fuente de la Foncalada,Fuente de la Foncalada;,
San Miguel de Lillo;Eclesiástica;Oviedo;Centro de Asturias;Avda. de los Monumentos (Monte Naranco);33012;Oviedo/Uviéu;638 260 163 (WhatsApp) / 985 295 685 (Parroquia);santamariadelnaranco@gmail.com;https://www.santamariadelnaranco.es;;;;;;;;;;;Referente de la decoración escultórica del Prerrománico.;El edificio que hoy contemplamos corresponde a un tercio aproximadamente de la edificación primitiva. Durante la baja Edad Media, la iglesia se derrumbó en parte, reconstruyéndose entonces la cabecera actual. Hoy está en pie el primitivo pórtico y uno de los tramos de la nave original. Exteriormente los muros son recorridos por contrafuertes y en ellos se abren huecos que se adornan con celosías de piedra completamente trabajadas. De la totalidad de celosías del monumento, se conservan cuatro originales. El interior está dividido en tres naves, que se separan por vez primera por medio de altas columnas en lugar de pilares. Las columnas apoyan sobre bases decoradas con los símbolos de los evangelistas. Los grandes capiteles donde apoyan las arquerías están decorados por motivos de origen bizantino y norteafricano. A los pies de la nave, sobre el antiguo pórtico se sitúa una tribuna. A ella se accede por un hueco decorado por pilastras de mármol, subiendo unas estrechas escalerillas de piedra. En la tribuna hay cuatro arquillos, que corresponden a otras tantas puertas, decorados con motivos de tradición visigoda. Todo el interior está abovedado y sobre la parte de la bóveda que cubre la tribuna hay un compartimento inaccesible, iluminado exteriormente por una celosía circular, que proporciona una gran esbeltez al edificio. Junto con Santa María del Naranco conforman lo que se conoce como el Prerrománico del Naranco. Se puede acceder a pie por un camino de 150 m. (desde el aparcamiento), al que se llega desde Oviedo/Uviéu por la carretera del Naranco (dirección Ules). Las visitas guiadas parten desde Santa María del Naranco. Bus línea A2 (parada Prerrománico). Aforo limitado. Disponible pago con tarjeta.;Consultar;;;true;;43.380314,-5.868406;/documents/39908/46095/san-miguel.jpg/c21abb1f-0560-3cd1-965c-1027c886586a?t=1737630822517,/documents/39908/62796/San-Miguel-de-Lillo.jpg/9f19e4c8-d047-dcae-b099-568d929e3aa9?t=1674189431027,/documents/39908/46095/SanMiguelLillo_Oviedo_.jpg/8b5dc282-e3ee-94e6-83b5-898dde71311d?t=1674174782637,/documents/39908/46095/san-miguel-2.jpg/9575a899-6af7-c2db-f7b7-813f3e5d2236?t=1737631219139,/documents/39908/46095/PR_SanMiguel1.jpg/50a05f27-45f5-0b26-8611-c934e7c0a130?t=1674174784255;Iglesia de San Miguel de Lillo exterior,Iglesia de San Miguel de Lillo exterior,Iglesia de San Miguel de Lillo exterior noche,Iglesia de San Miguel de Lillo exterior,Iglesia de San Miguel de Lillo de noche exterior;,,,,
Iglesia de Santiago de Gobiendes;Eclesiástica;Colunga;Oriente de Asturias;;33342;Gobiendes;655 809 773 (imprescindible reserva previa);info@sierradelsueve.es;https://sierradelsueve.es;;;;;;;;;;;Destacable ejemplo de los últimos años del Prerrománico.;Construida en el siglo X y reedificada parcialmente en el siglo XIX, esta iglesia prerrománica cuenta con planta basilical, está dividida en tres naves y tiene cabecera tripartita. A los pies de la nave, se conservan dos compartimentos del pórtico primitivo a los que se accede por medio de dos puertas de arco de ladrillo. El interior se cubre con madera, excepto las capillas laterales de la cabecera, que se cubren con bóveda de cañón. Las naves se separan por pequeños arcos semicirculares de ladrillo que apoyan sobre pilar de sección cuadrada. En la zona de la cabecera las columnas se decoran con capiteles con motivos asturianos: sogueados y hojas de acanto. De época prerrománica se conserva la ventana ajimezada del muro sur, sobre la que se inscribió la fecha de reedificación, varios capiteles y restos de otra ventana. En el siglo XIX, se llevó a cabo una reedificación de la iglesia, producto de la cual son la capilla mayor, la sacristía del muro sur, el cuerpo de la espadaña y el pórtico que rodea las fachadas occidental y meridional. La iglesia de Santiago de Gobiendes fue restaurada entre los años 1985 y 1987 por el Gobierno del Principado de Asturias.;Consultar;Siglo X;;;;43.46928,-5.232562;/documents/39908/46113/gobiendes.jpg/83b51fc5-cdf0-bc00-c95d-810ae5803d58?t=1737711757528,/documents/39908/46113/DSC_2167.jpg/52be4fa2-a745-e95d-e66a-252935f9aaa3?t=1674174804969,/documents/39908/46113/DSC_2159.jpg/a813b568-a3fa-25f3-9dcf-b171312ba85e?t=1674174804414,/documents/39908/46113/DSC_2172.jpg/8b01b89f-6d83-c42a-4427-0d5e332a15ef?t=1674174805550,/documents/39908/46113/gobiendes-1.jpg/27f4bbe0-0c90-c42f-4a8e-5556639f5185?t=1737711759525;Iglesia de Santiago de Gobiendes interior,Iglesia de Santiago de Gobiendes,Iglesia de Santiago de Gobiendes,Iglesia de Santiago de Gobiendes,Iglesia de Santiago de Gobiendes espadaña exterior;,,,,
Iglesia de San Julián de los Prados;Eclesiástica;Oviedo;Centro de Asturias;Selgas, 2;33001;Oviedo/Uviéu;687 052 826;visitasantullano1@gmail.com;;;;;;;;;;;;Fue donada a la catedral a finales del siglo IX por Alfonso III el Magno.;La iglesia prerrománica de San Julián de los Prados es el más antiguo y mayor de los edificios prerrománicos que aún se conservan. Construida durante el reinado de Alfonso II el Casto (791-842), fue dedicada a San Julián y su esposa Santa Basilisa. En el año 896 fue donada a la catedral de San Salvador junto ''con sus palacios, baños y triclinios'' por Alfonso III el Magno. Consta de planta basilical latina de tres naves, crucero formado por una gran nave transversal, cabecera tripartita con tres capillas cuadradas cubiertas con bóvedas de cañón, pórtico a los pies y cuartos laterales. En el interior, las naves están separadas por arcos de medio punto sobre pilares cuadrados. La nave central está separada de la transversal por un arco toral a cuyos lados hay dos huecos con arco de piedra. Las naves y el crucero se cubren con armadura de madera, mientras que en las capillas se emplea bóveda de cañón. Sobre la capilla central se encuentra un recinto con acceso desde el exterior a través de una ventana ajimezada con tres arquillos de ladrillo sobre dos pequeñas columnas de mármol. Destacan las pinturas que decoran el estuco que revocaba todo el interior de los muros y de las bóvedas, que derivan de motivos ornamentales romanos, así como la arquería ciega que recorre el ábside central, y las celosías que cierran los huecos (solamente una es original). Prohibido fotografías y/o grabaciones en el interior. Duración visitas 30 min. Aforo máximo 15 pax por visita. Los horarios de visita están supeditados a cambios imprevistos en función de celebraciones extraordinarias. Reserva previa para grupos obligatoria (visitasantullano1@gmail.com);Consultar;Siglo IX;;true;;43.367712,-5.837325;/documents/39908/46092/santullano+%281%29.jpg/1565f73e-5d28-bfef-71a0-4818ffce201c?t=1737629327411,/documents/39908/46092/2021-san-julian-de-los-prados+%282%29.jpg/a3bbc3a3-18e8-248e-0886-3854fd95a8aa?t=1674174781348,/documents/39908/46092/santullano+%284%29.jpg/357d9256-db15-bc3d-7cbf-4fe62f7e9a2e?t=1737629332261,/documents/39908/46092/santullano+%282%29.jpg/e62406b6-8156-b1c5-2969-612bc9dfb0cb?t=1737629329122,/documents/39908/46092/santullano+%283%29.jpg/7adb31a0-1578-57e1-860c-1c5637665839?t=1737629330696;Iglesia de San Julián de los Prados exterior,Iglesia de San Julián de los Prados interior,Iglesia de San Julián de los Prados parte de atrás,Iglesia de San Julián de los Prados interior,Iglesia de San Julián de los Prados exterior;,,,,
Iglesia de Santo Adriano de Tuñón;Eclesiástica;Santo Adriano;Centro de Asturias;;33115;Tuñón;985 761 403 (imprescindible reserva previa) / 691 504 045 (WhatsApp);info@laponte.org;;;;;;;;;;;;Antigua abadía benedictina fundada en honor de los santos mártires Adriano y su esposa Natalia.;La iglesia de Santo Adriano fue fundada por el rey Alfonso III y su esposa Jimena en el año 891. Tiene planta rectangular, con tres naves separadas por arquerías de medio punto sobre pilares cuadrangulares de piedra, cubierta de madera a dos aguas y cabecera rectangular triple con bóvedas de cañón, siendo más alta la de la capilla central, sobre ésta se encuentra una habitación solamente accesible desde el exterior, a través de una ventana ajimezada. El pórtico de los pies, que consta de tres cuerpos, fue aprovechado en época moderna para prolongar la iglesia. De los espacios laterales que conformaban la planta, solamente se conserva el sur, dedicado a sacristía. Los restos decorativos más importantes son las pinturas murales, principalmente en la capilla mayor, contemporáneas de la construcción de la iglesia. Se conserva una lápida de 1108, restos de un cancel de mármol, un arquillo de medio punto, así como un par de columnas con capiteles de hojas en el arco de triunfo. La espadaña fue construida en el siglo XVII-XVIII. La iglesia sufrió varias restauraciones y remodelaciones: la primera en el 1108, en 1950 (por Luis Menéndez-Pidal y Álvarez), en 1983 y en 1987-1988 (por la Consejería de Educación, Cultura y Deportes).;Consultar;891;;;;43.291615,-5.981285;/documents/39908/46116/PRSantoAdriano1.jpg/556c50df-3e84-9ddc-b607-033638a0f256?t=1674174810895,/documents/39908/46116/santo-adriano.jpg/24c2ee3b-c93b-768f-0de3-8f6d6ca69dcb?t=1737638384384,/documents/39908/46116/DSC_2037.jpg/53002d49-2b8f-7390-cca1-d9d6f15bed6f?t=1674174809178,/documents/39908/46116/DSC_2040.jpg/7a70a19e-7ff4-5403-93ac-d296c2334a1f?t=1674174809802,/documents/39908/46116/santo-adriano-1.jpg/a9b9fcb9-ece9-c4a5-762f-8e8709db58c1?t=1737638386399;Iglesia de Santo Adriano exterior,Iglesia de Santo Adriano exterior,Iglesia de Santo Adriano exterior,Iglesia de Santo Adriano interior,Iglesia de Santo Adriano exterior;,,,,
Santianes de Pravia;Pública;Pravia;Centro de Asturias;El Palacio;33129;Santianes;985 821 204 / 684 643 740 (imprescindible reserva previa);oficinaturismo@pravia.es;https://praviaturismo.es;;;;;;;;;;;Iglesia erigida en el año 780 y dedicada a San Juan Evangelista.;La iglesia de San Juan Apostol y Evangelista es la más antigua de las iglesias Prerrománicas de Asturias y fue mandada construir por los reyes Silo y Adosinda, que trasladaron a Pravia la capital del Reino Astur (774-783). Situada en el concejo de Pravia, de la basílica primitiva levantada en el año 780, sólo quedan algunos restos en la nave central y en los muros laterales. Constaba de tres naves con crucero y tres capillas de planta rectangular, sobre el arco de ingreso al crucero tenía una inscripción laberíntica formada por las palabras Silo Princeps Fecit, y un vestíbulo servía de Panteón Real. Los arcos eran de medio punto sobre pilastras cuadradas y la cubierta de madera. El altar mayor es una réplica del original, que se encuentra desde el año 1984 en la cripta de la iglesia de Jesús Nazareno, en El Pito (Cudillero). La espadaña, construida en 1868, que se levantaba a los pies y que no correspondía a la construcción primitiva, se adosó a la sacristía sur en la última restauración realizada por D. Luis Menéndez-Pidal y Álvarez entre 1979 y 1980. Como restos prerrománicos conserva partes de las columnas del arco de triunfo, dos pequeñas ventanas con arco de herradura, una geminada, y varios restos catalogados que se encuentran en la sacristía. Tiene un interesante calvario románico en el brazo sur del crucero.;Consultar;780;;;;43.501959,-6.099163;/documents/39908/46086/Panorama_sin_t%C3%ADtulo-OK.jpg/bcc50543-38be-f982-e657-840d6d81f4dc?t=1674174765510,/documents/39908/46086/_MAM9913-OK.jpg/e1eb6b18-7742-15e0-b72f-e829f8e970c3?t=1674174764238,/documents/39908/46086/_MAM9993-OK.jpg/ed33e717-7a71-966b-8451-461f8c6cd6da?t=1674174764795,/documents/39908/46086/_MAM9900-OK.jpg/f7640f65-5c35-267a-6e74-9829c51ea890?t=1674174762827;Basílica de San Juan,Basílica de San Juan,Basílica de San Juan,Basílica de San Juan Interior;,,,
Iglesia de Santa María de Bendones;Eclesiástica;Oviedo;Centro de Asturias;;33195;Bendones;985 942 365 (reservas);;;;;;;;;;;;;Única iglesia del prerrománico asturiano que cuenta con un campanario.;Iglesia prerrománica edificada, probablemente, en tiempos del monarca Alfonso II. Destruida en 1936, e identificadas sus ruinas en 1954 por Joaquín Manzanares, fue sometida a una polémica reconstrucción en 1958. El templo actual presenta una nave central única, cabecera tripartita y nártex a los pies. En los muros norte y sur hay dos compartimentos que se comunican con el interior de la iglesia. Ante la iglesia, en su ángulo suroeste, se ha reconstruido una torre campanario. El exterior del templo se encuentra decorado por arcos de ladrillos y celosías reconstruidos. No obstante, en el templo hay piezas originales como el alfiz de triple arquería que ilumina la cámara oculta situada sobre la capilla central. El interior del templo tiene cubierta de madera, a excepción de la capilla de la nave central, que se cubre con bóveda. Al igual que otros templos prerrománicos estuvo decorado con pinturas murales de las que quedan restos sobre el arco del lado sur.;Consultar: 985 942 365;792-842;;;;43.3362,-5.806374;/documents/39908/46110/Santa_Mar%C3%ADa_de_Bendones_3.jpg/2215e86a-dd0d-b98e-a51c-99c91ae5e8d4?t=1674174801163,/documents/39908/46110/Santa_Maria_de_Bendones_2.jpg/f791b53b-c833-ae47-f9e1-a486ba7df8ad?t=1674174802496,/documents/39908/46110/bendones-1.jpg/c47743ba-3c58-c999-f097-5d91a57618dc?t=1737637341668,/documents/39908/46110/bendones-2.jpg/f488afd2-f659-0862-1b6f-8fdb26a97a3f?t=1737637717139;Iglesia de Santa María de Bendones exterior,Iglesia de Santa María de Bendones exterior,Iglesia de Santa María de Bendones exterior,Iglesia de Santa María de Bendones exterior;,,,
Iglesia de San Pedro de Nora;Eclesiástica;Las Regueras;Centro de Asturias;;33119;San Pedru Nora;985 784 256 (Parroquia);;;;;;;;;;;;;La iglesia data del siglo X.;La iglesia de San Pedro de Nora presenta grandes afinidades constructivas y estilísticas con la iglesia prerrománica de Santullano, que permiten circunscribirla en el mismo periodo, el reinado de Alfonso II el Casto (791-842). La referencia documental más antigua es el 20 de enero del año 905, fecha en que se consigna, en un documento real, su donación a la Catedral de San Salvador en Oviedo/Uviéu por Alfonso III junto con la de la Iglesia de Santa María de Bendones. Su estructura es la misma que la de Santullano a pesar de tener algunos rasgos diferentes, como son la ausencia de crucero, arcaísmo constructivo. La planta es basilical, con tres naves separadas por pilares, cabecera rectangular tripartita orientada al este y un pórtico al oeste. Los pilares que separan longitudinalmente las naves son cuadrangulares y sustentan cuatro arcos de medio punto de ladrillo, ligeramente peraltados, a cada lado de la nave mayor. La cabecera es rectangular y tripartita. Las tres capillas se comunican entre sí por una puerta, con arco de ladrillo, abierta en cada muro que las divide y, están cubiertas por bóveda de cañón sobre imposta, mientras que las naves lo hacen con cubierta de madera.  ;Se visita sólo el exterior. El Monumento no dispone de Guía.  ;Siglo IX;;;;43.36908,-5.962004;/documents/39908/46098/san-pedro.jpg/d986d962-7f11-5cb4-9c4a-04f3c2efb65b?t=1737632754864,/documents/39908/46098/san-pedro-1.jpg/ac489551-9b46-7ede-64ab-182b443e0e56?t=1737632756796,/documents/39908/46098/San_Pedro_de_Nora_9.jpg/62b20370-29b9-7295-d6fb-df0df7696591?t=1674174786961,/documents/39908/46098/san-pedro-2.jpg/ba04faf2-45b2-52b2-1a8d-87aaaf7c49ee?t=1737632758668,/documents/39908/46098/San_Pedro_de_Nora_10.jpg/1aa0b6a8-d10a-2560-7a0d-c849d1d12fba?t=1674174787563;Iglesia de San Pedro de Nora exterior,Iglesia de San Pedro de Nora exterior,Iglesia de San Pedro de Nora exterior,Iglesia de San Pedro de Nora interior,Iglesia de San Pedro de Nora exterior;,,,,
Iglesia de San Salvador de Valdediós;Eclesiástica;Villaviciosa;Oriente de Asturias;;33312;Valdediós;985 974 966;reservas@monasteriovaldedios.com;https://monasteriovaldedios.com;;;;;;;;;;;La iglesia de San Salvador de Valdediós fue edificada, junto con diversas dependencias palaciales, por el monarca Alfonso III.;Fue consagrada en el 893 por siete obispos, según reza la lápida que se conserva en la capilla lateral sur. Se estructura en planta basilical de tres naves, cabecera tripartita con capillas de pequeñas dimensiones, y dos compartimentos adosados a los muros norte y sur que hacen externamente de falso crucero. A los pies de la iglesia se abren tres compartimentos que se corresponden con los de la cabecera, y sobre el central se sitúa la tribuna real que recibe directamente la luz de una ventana ajimezada abierta en el frente principal. Las naves, altas y estrechas, se separan por arcos de medio punto sobre pilar de sección cuadrada sin decoración, mientras que las capillas absidiales se separan de las naves por arcos de medio punto que apoyan sobre columnas con capiteles decorados con motivos vegetales. Todos los espacios interiores están abovedados y se conservan importantes restos de pinturas murales. Grupos +25 pax imprescindible reserva previa.;Consultar;893;;;;43.436857,-5.506621;/documents/39908/46125/valdedios+%281%29.jpg/0956be52-014a-9d54-2c61-b59becafcd2f?t=1737716971044,/documents/39908/46125/valdedios+%285%29.jpg/4ce39393-673a-b7d9-c568-66d75431ec0f?t=1737716977361,/documents/39908/46125/valdedios+%283%29.jpg/a358af6c-b7ef-8ac4-7cd1-45427fcc84cb?t=1737716974424,/documents/39908/46125/valdedios+%286%29.jpg/2ab2ce4b-3f6e-499d-2085-c825ac3916e8?t=1737716978849,/documents/39908/46125/valdedios+%287%29.jpg/114bc12c-7332-7af4-4115-dbac6c9f6dc3?t=1737716980366,/documents/39908/46125/valdedios+%282%29.jpg/5ca78574-db7d-5084-9960-f52fd1b34d36?t=1737716972938;Iglesia de San Salvador de Valdediós exterior,Iglesia de San Salvador de Valdediós interior,Iglesia de San Salvador de Valdediós exterior,Iglesia de San Salvador de Valdediós interior,Iglesia de San Salvador de Valdediós exterior,Iglesia de San Salvador de Valdediós exterior;,,,,,
