Nombre;Concejo;Callejero;Dirección;Teléfono;Email;Web;Facebook;Twitter;Youtube;Pinterest;Instagram;Rss;Canal ;Url;Título;Texto;Qué ver;Cómo llegar;Info Náutica;Coordenadas;Slide;Título;Url;Observacion;MasInformacion
Puerto de Vega;Navia;/documents/39908/43194/Callejero+Puerto+de+Vega.pdf/7c4f4c74-c161-1014-45c8-c7afdb4c95fa?t=1674171304408;Oficina de Turismo: Jardines de Alfonso Iglesias - Avda. de la Dársena, 33710. Navia;985 648 513 / 985 648 009;turismo@ayto-navia.es;https://www.naviaturismo.com;;;;;;;;;Puerto de Vega, el romanticismo en la costa;Puerto de Vega, en el concejo de Navia, encarna el romanticismo en la costa occidental asturiana, y por eso ha sido y es una poderosa fuente de inspiración para los artistas. Sus alrededores son de una espectacular belleza natural y arquitectónica. Las grandes quintas indianas con sus jardines, las casas-palacio, las casonas típicas asturianas y todo un universo rural, colorido y auténtico, se diseminan en el entorno de Puerto de Vega. Su activo puerto te ofrece una encantadora estampa, con su flota amarrada, compuesta por pequeñas embarcaciones de madera que salen a diario al mar, y bordeado de típicas casas de pescadores, casonas solariegas, casas de indianos y modernos edificios. Numerosos símbolos y monumentos recuerdan la grandeza de su pasado y su protagonismo en episodios importantes, como la fortificación, en 1776, y el fallecimiento del ilustrado Gaspar Melchor de Jovellanos en la Casona Trelles en 1811, tras refugiarse en la villa por una tormenta. Así que la aproximación a esta villa resulta siempre una delicia. Los bares y restaurantes rezumen aromas cantábricos de pescados y mariscos. El ambiente es sosegado, y la flota luce humilde en las tranquilas aguas, al pie de la rula. Puerto de Vega atesora una historia rica e intensa, que salta a la vista en cada parque, en cada monumento, en cada placa. No dejes de visitar la rula y el Centro de Interpretación "Historias del Mar" (puerta de entrada a la comarca turística del Parque Histórico del Navia). Si te quieres empapar de sus costumbres campesinas, su industria pesquera y conservera y sus flujos migratorios, acércate al Museo Etnográfico Juan Pérez Villamil. Un paseo por los cuidados rincones de Puerto de Vega te dará idea de la pericia de los pescadores del Cantábrico en sus labores, de su heroica existencia y de la plasticidad de un puerto recóndito y abierto a la mar al mismo tiempo. Sentirás que esta villa es tan especial que no es extraño que sea Pueblo Ejemplar de Asturias desde 1995.;Casco Antiguo. Puerto pesquero. Paseo del Baluarte. Mirador de la Riva.;Por la autovía A-8 y la carretera N-634;Club marítimo de Puerto de Vega El Muelle, Puerto de Vega Teléfono: 635 315 445 Número de amarres en fondeo: 14 No dispone de amarres de tránsito Calado bocana: 3 m Calado dársena: 1,5 m Ancho de bocana: 50 m Aparcamiento Recogida de basuras Grúa 6 Tm (Propiedad cofradía) Oficinas Marina seca Farmacia;43.565044,-6.645930;/documents/39908/43194/06522_PuertodeVega.jpg/f0dbd92c-f850-f2d0-aff5-e377b7f6bb27?t=1674171305210,/documents/39908/43194/VillaPuertoVega1.jpg/f26a5c8b-ed7b-c981-844f-931c5dd1df47?t=1674171305934,/documents/39908/43194/VillaPuertoVega2.jpg/2e9582a5-4324-58b6-f353-7098f7140cb6?t=1674171306586,/documents/39908/43194/VillaPuertoVega4.jpg/9890b83a-583e-c4d6-e448-8fe6cddc43d6?t=1674171307532,;Puerto de Vega,Puerto de Vega,Puerto de Vega,Subasta de pescado en Puerto de Vega,;,,,,;;
L'Arena;Soto del Barco;;Plaza Casimiro Vega, s/n. 33125. L'Arena;985 586 558 / 985 588 013;turismo@sotodelbarco.com;https://www.sotodelbarco.com/turismo;;;;;;;;;L'Arena, el paraíso de la angula;¿Te imaginas un pueblo de pescadores donde en Navidad en vez de llegar Papá Noel, llega el Angulero? Pues así de singular es L'Arena, paraíso de la mejor angula del mundo, la que se da en la ría del Nalón. L'Arena se enorgullece de su gran tradición marinera y conservera, como se refleja en su popular procesión del 24 de junio y durante todo el año en el Centro de Interpretación de la ría del Nalón "Puerta del Mar", donde conocerás de cerca los oficios vinculados al mar y a la ría, así como todo lo relacionado con el ciclo biológico de la angula. Además, en torno a ella también gira el festival gastronómico en el primer fin de semana de marzo, declarado de Interés Turístico Regional. Este pueblo marinero, en el concejo de Soto del Barco, sorprende por su belleza y tranquilidad, así que te resultará muy fácil relajarte contemplando la subida de la marea desde su puerto o las puestas de sol en la ría. Pasear por su fachada marítima ese evocar el pasado, que reflejaron muy bien el poeta Rubén Darío y el pintor Joaquín Sorolla. L'Arena, con un paseo fluvial que hace las delicias de los más exigentes, con un puerto pesquero y otro deportivo, con la impresionante playa de los Quebrantos, con sus casitas marineras e indianas, con sus restaurantes de cocina cantábrica cien por cien, con sus animadas calles y parques… es sin duda una de las joyas de la costa central asturiana. Bajo el sereno influjo de la ría del Nalón, en L'Arena podrás contemplar dulces atardeceres o amaneceres, y si lo que buscas son vistas panorámicas de toda la costa occidental, puedes acercarte al mirador de la punta del Pozaco, y desde allí avistar desde la isla de la Deva hasta el Cabo Vidio. En L'Arena te esperan baños de mar y de ría, días de surf, veladas de angula, jornadas de navegación y pesca, tranquilos paseos y buena mesa. Todo un lujo cantábrico.;Centro de Interpretación de la ría del Nalón. Puerto Deportivo. Paseo Fluvial. Mirador de la Deva.;Por la autovía A-8 y las carreteras N-632 y AS-318;C.D.B. Puerto Norte Plaza Casimiro Vega L'Arena www.puertonorte.es clubpuertonorte@gmail.com Teléfono: 985 586 234 43º 33,5' N / 6º 04,6' W Número de amarres fijos: 98 Número de fondeos fijos: 10 Dispone de 10 amarres en fondeo para tránsito Máxima eslora: 12 m Combustible: Diesel Calado bocana: 2 m Calado dársena: 2,5 m Ancho de bocana: 55 m Agua en amarre Luz en amarre Aparcamiento Información meteorológica y turística Cámaras de vídeo vigilancia Recogida de basuras Recogida de aceites y residuos peligrosos Rampa de varada Oficinas Marina seca Servicio de cunas y carro de varada Servicio de máquina de lavado a presión Servicio público de transporte Farmacia;43.558895,-6.074734;/documents/39908/43173/la-arena.jpg/755cf29f-e9f6-b24c-2fec-e8ea60dc86b1?t=1674171267172,/documents/39908/43173/San+Juan+de+la+Arena.jpg/78b02ae6-2ab3-2e14-cbaa-111eb4faf437?t=1674171261708,/documents/39908/43173/san-esteban-y-la-arena-al-fondo.jpg/1f962a57-99fb-036a-1fd8-6b20235a1c16?t=1674171266514,/documents/39908/43173/VillaSanJuanArena2.jpg/338f043b-bdcc-4ce1-4ff8-b3c74d90aacc?t=1674171264547,;L'Arena,L'Arena,L'Arena desde San Esteban,Desembocadura del Nalón en L'Arena,;,,,,;El centro de Interpretación Puerta del Mar está abierta desde 16/06 a 15/09;
Lluanco/Luanco;Gozón;/documents/39908/43164/Callejero_Luanco.pdf/e702da21-f580-2fe4-17e3-ab3a9cf5ecd5?t=1674171245538;Oficina de Turismo: C/ Ramón Pérez de Ayala, esquina C/ de la Riba, 33440. Lluanco/Luanco;985 882 644;turismo@ayto-gozon.org;https://www.ayto-gozon.org/turismo;;;;;;;;;Lluanco/Luanco, bajo el influjo del Cabo Peñas;Es la villa marinera más cercana al Peñes, el punto más septentrional de Asturias, y eso marca carácter. Lluanco/Luanco, en el concejo de Gozón, ofrece una estampa idílica tanto por tierra como por mar. Recóndito puerto y bellas playas, y una iglesia que casi se baña en el Cantábrico… Su puerto servía de abrigo para su gran flota, dedicada en un principio a la pesca de la ballena y que derivó hacia la captura del bonito, la sardina, la xarda (caballa), el pixin (rape), los centollos, las andaricas (nécoras) y los percebes. Además existió una pujante industria conservera. Precisamente esta gran tradición marinera da origen al Museo Marítimo de Asturias, el decano de los museos del Principado (se fundó en 1948), icono de la cultura vinculada al mar, y en que existen modelos de embarcaciones, aparejos y artes de pesca, además de un recorrido por la evolución de la navegación, cartas náuticas y una amplia selección de la flora y la fauna del Cantábrico. Un paseo por el Casco Histórico, con su Torre del Reloj, uno de los escasos ejemplos de arquitectura pública del siglo XVIII, y que se ha utilizado como torre de vigía, cárcel y almacén. Además, no pierdas la oportunidad de saborear sus populares platos, disfrutar de sus espectaculares vistas y de sus playas. Además, Luanco cuenta con un maravilloso paseo marítimo, donde al final de la playa de La Marina encontrarás la iglesia de Santa María, cuyo interior alberga el Cristo del Socorro que, según la tradición, salvó a unos marineros luanquinos de una tempestad en el siglo XVII. Villa hiperactiva en lo que a deporte y cultura se refiere, destaca por su vocación a la vela y a las regatas, y también por hacer celebrado durante muchos años uno de los más originales y famosos torneos de tenis-playa. Gastronómicamente hablando, comparte y compite en tradición dulcera y marinera con Candás, produciendo también marañuelas. Y por supuesto, en lo que a ambiente se refiere, pasa por ser uno de las villas marineras cantábricas más "chic".;Puerto. Torre del reloj. Playa de Luanco. Iglesia de Santa María de Luanco.;Por las carreteras AS-110 y AS-238;Club Marítimo de Luanco Puerto Deportivo de Luanco 699 005 113 maritimoluanco@maritimoluanco.com Ch9 43º37'146'N,05º46'879''W Número de amarres fijos: 223 Dispone de 15 amarres de tránsito Calado dársena: 2-4,5 m Agua en amarre Luz en amarre Duchas/WC Club y escuela de vela Aparcamiento Botiquín Información turística Información meteorológica Cámaras de vídeo vigilancia Recogida de basuras Recogida de aceites y residuos peligrosos Grúa Lavandería Rampa de varada Oficinas Servicio de cunas y carro de varada Servicio de máquina de lavado a presión Servicio público de transporte Farmacia;43.615462,-5.789012;/documents/39908/43164/VillaLuanco1.jpg/73ecd650-0ac0-6441-9a44-71b21247aa13?t=1674171248852,/documents/39908/43164/VillaLuanco2.jpg/e8a762b3-e863-34fd-e9bd-c2d49f9eab1b?t=1674171246758,/documents/39908/43164/VillaLuanco3.jpg/611140c6-ec7b-ef49-9e4f-7d6c7b3ad847?t=1674171247419,/documents/39908/43164/VillaLuanco4.jpg/79d2789c-8456-2446-6020-b5107530c792?t=1674171248048,/documents/39908/43164/VillaLuanco4.jpg/79d2789c-8456-2446-6020-b5107530c792?t=1674171248048;Lluanco/Luanco,Lluanco/Luanco,Playa de Lluanco/Luanco,Museo marítimo de Asturias,;,,,,;;
Luarca/??uarca;Valdés;/documents/39908/43182/Callejero_Luarca.pdf/8477b07e-c8f3-3598-0993-3910aa7a9e5d?t=1674171287168;Oficina de Turismo: Plaza Alfonso X el Sabio (Palacio Marqués de Gamoneda), 33700. Luarca/??uarca;985 640 083;turismo@ayto-valdes.net;https://www.turismoluarcavaldes.es;;;;;;;;;Luarca/??uarca, blanca y radiante;Según un dicho muy popular y arraigado, Luarca/??uarca es la villa blanca de la costa verde, y es que lo primero que te llamará la atención es el blanco como color predominante cuando echas un vistazo general a esta ilustre villa. Sin duda es la más blanca de toda la costa asturiana. Si llegas a Luarca/??uarca por la zona de Vi??ar, sus casas indianas te ofrecen un recorrido por las residencias de aquellos asturianos que emigraron a las Indias y regresaron con fortuna. Al caminar por la atalaya verás dónde los oriundos se reunían para encender los fuegos y orientar a los barcos antes de construir el faro en la punta de Focicón en 1862. Además, podrás admirar su cementerio, sobre una colina, que está considerado uno de los más bellos de España por sus espectaculares vistas al mar y donde descansan los restos del Premio Nobel de Medicina Severo Ochoa, padre de la genómica moderna. Muy cerca se encuentra la Mesa de Mareantes, en la que los antiguos marineros debatían sobre la conveniencia de salir al mar en función de las inclemencias meteorológicas. Otros descubrimientos serán el barrio de pescadores El Cambaral, o el Parque de la Vida, donde conocerás mejor el planeta Tierra, el espacio y el mar en un recorrido de casi dos kilómetros. Los jardines de la Fonte Baixa, considerados como el botánico privado más grande de España, son otros de los grandes atractivos de esta villa escalonada y surgida entre promontorios naturales, que compone un paisaje de ensueño. Famosa por sus puentes y también por la leyenda de alguno de ellos, como la del Puente del Beso - que tiene como protagonistas a dos enamorados -, Luarca/??uarca te invita a curiosear la entrada y salida de barcos y a disfrutar de sus restaurantes a pie de mar. Así es la Villa Blanca. Surcada por el río Negro, con hermosas playas, y con un importante puerto pesquero y deportivo, pero ante todo, un pueblo marinero con solera donde las haya y una de las más animadas de toda la costa asturiana. No en vano celebra en agosto dos citas ineludibles: las fiestas de Nuestra Señora del Rosario y las de San Timoteo, ambas declaradas de Interés Turístico.;Las 10 mejores cosas que ver y hacer en Luarca/??uarca y alrededores. Zona faro, Atalaya y Cementerio. Mirador del Chano. Puerto pesquero.;Por la carretera AS-256;Club Marítimo de ??uarca La Llera 985 470 007 / 648 001 162 clubmaritimoluarca@yahoo.es Ch9-16 43º32'45''N / 06º32'00''W Número de amarres fijos: 91 Dispone de 8 amarres de tránsito en fondeo Máxima eslora: 20 m Combustible: Diesel/Sin Plomo Calado Bocana: 3 m Calado dársena: 2,50 m Anchura bocana: 50 m Agua en amarre Luz en amarre Duchas/WC Club y escuela de vela Aparcamiento Botiquín Información turística Información meteorológica Cámaras de vídeo vigilancia Recogida de basuras Recogida de aceites y residuos peligrosos Recogida de Aguas residuales Grúa 8 Tm. Rampa de varada Oficinas Marina seca Servicio de cunas y carro de varada Servicio de maquina de lavado a presión Servicio público de transporte Farmacia;43.546734,-6.532173;/documents/39908/43182/vistas-de-luarca-desde-el-chano.jpg/95a0be51-fbc5-4af3-447e-60f6055bd2c2?t=1674171286459,/documents/39908/43182/puente-el-beso.jpg/c4d0d78c-0f8e-51da-5450-1c812818f424?t=1674171285821,/documents/39908/43182/la-atalaya.jpg/e3f577e5-ecd1-37d5-aeae-1cf3d2762742?t=1674171284440,/documents/39908/43182/mesa-de-mareantes-barrio-del-cambaral.jpg/3097569b-7027-e973-0a22-1890ffa780d2?t=1674171285154,;Vistas de ??uarca desde El Chano,Puente El Beso en ??uarca,La Atalaya - ??uarca,Mesa de mareantes en el Barrio del Cambaral,;,,,,;;
Bustio;Ribadedeva;;Ayuntamiento de Ribadedeva: Plaza de Manuel Ibáñez. 33590. Colombres;985 412 004;info@ribadedeva.info;;https://www.facebook.com/profile.php?id=100093714290929;;;;;;;;Bustio, puerto y puerta de Asturias;Bustio es uno de los pueblos marineros más tranquilos de toda Asturias. Su singular geografía, en un recodo ribereño de la Ría de Tinamayor – frontera natural entre Asturias y Cantabria – le da un aire siempre apacible, como de tiempo y espacio detenido, como de eterno solaz. Así es que en esta pequeña y tranquila localidad custodiada por montañas en el municipio de Ribadedeva te sorprenderá la desembocadura del río Cares-Deva, paso natural de aves migratorias del norte de Europa a zonas más cálidas durante los meses más fríos. Para conocer con detalle la historia sobre la fauna y la flora de este paraje, te recomendamos el Centro de Interpretación y Avistamiento de Aves de la Ría de Tinamayor, un espacio didáctico y divulgativo impulsado por los propios pescadores. Además, cuenta con un bello puerto pesquero, recogido bajo el pico Cañón. Otra recomendación interesante es que saborees un buen pescado fresco como el pixín (rape) o el sargo, en cualquiera de los restaurantes de Bustio, al tiempo que disfrutas con un paseo contemplando edificios de arquitectura indiana, como "Villa Delfina", muy próxima al antiguo puente de hierro que comunicaba tierras asturianas y cántabras. Bustio es la puerta más oriental de Asturias, y precisamente por esa condición, y por su ubicación a la vera misma de una ría que desemboca en el Cantábrico ha tenido desde siempre una fuerte vinculación con el Camino de Santiago de la costa. Así que este pueblo tan antiguo no solo es marinero sino también jacobeo, y casi montañero, porque desde él se intuyen ya los vientos y las altas cumbres de los Picos de Europa, que se encuentran a pocos kilómetros. Sinuosa y bella ría, playas cercanas, mar indómita, recóndito puerto, peregrinos en el Camino, y montañas alrededor. Bustio es una curiosa mezcla que lo convierte en único.;Puerto. Ría de Tinamayor.;Por la autovía A-8 y las carreteras N-632, N-634 y AS-263;C.D.B. "Tina Mayor"-El Curtido (bodega1)-Bustio Teléfono: 678 736 646 / 985 412 424 Canal Radio VHF: Ch9 43º23,6'N,4º30'8''W Número de fondeos fijos: 52 No dispone de amarres de tránsito Calado bocana: 0,70 m. Calado dársena: 0,10 m. Ancho de bocana: 50 m. Club de vela;43.384410,-4.514070;/documents/39908/43191/Bustio3.jpg/85b649d2-217f-5ece-c0ea-a8a43056a271?t=1674171303026,/documents/39908/43191/Bustio2.jpg/610a082e-af92-f414-61f7-0070eae18247?t=1674171302335,/documents/39908/43191/Bustio1.jpg/a9783bd3-4708-75ea-9e57-c4bd76c10e71?t=1674171303713;Bustio en Ribadedeva,Bustio en Ribadedeva,Puerto fluvial de Bustio;,,;;
Candás;Carreño;;Oficina de Turismo: C/Braulio Busto, 2 (Bajos del Ayuntamiento Viejo), 33430. Candás;985 884 888;turismo@ayto-carreno.es;https://www.ayto-carreno.es/oficina-de-informacion-turistica;;;;;;;;;Candás, con aires balleneros;La villa marinera de Candás , capital del concejo de Carreño , despunta con importancia en plena Edad Media, teniendo ya entonces mucha vida marina y comercial . Candás ha sabido preservado a lo largo de los siglos su marcada identidad cantábrica, que se pone de manifiesto en algunas de sus fiestas como el Festival de la Sardina , donde todo el pueblo se viste con una indumentaria marinera única en Asturias, y donde el ambiente se aromatiza con el intenso olor que desprenden los miles de sardinas asadas que se degustan esos días , un manjar que en Candás se prepara como en pocos sitios. En lo gastronómico esta villa también es muy conocida por unos famosos dulces conocidos como marañuelas . También esta villa muy famosa por la histórica devoción al Santísimo Cristo , que se traduce a veces en una fiesta multitudinaria que tiene lugar en el mes de septiembre . Candás resaltará además por tu gran tradición conserva , de la que aún quedan interesantes vestigios, y además tiene el privilegio de tener justo al lado a Perlora , que siglos atrás fue el segundo puerto ballenero más importante del mundo , con su ensenada y la isla de Entrellusa . Por su singular ubicación, su marinera orografía, su Historia y Prehistoria, Candás es el típico puerto norteño donde los haya, y aún soplan por allí aires balleneros… Por esta razón, un recorrido por el puerto siempre es interesante, dado que antaño fue uno de los más destacados del Cantábrico. Asimismo, el paseo marítimo, el faro o el Centro de Escultura Museo Antón, con obras de Antonio Rodríguez García son citas obligadas. Además, están las rutas clarinianas, experiencias turístico-literarias sobre la obra del reconocido escritor Leopoldo Alas, "Clarín", y también el monumento ‘El pleito de los delfines', emblema de uno de los acontecimientos más curiosos de la villa: en el siglo XVII, los pescadores candasinos demandaron a los delfines y calderones que merodeaban por la costa, al acusarles de la merma en sus capturas, y como no se presentó al juicio, un notario se embarcó para leer la sentencia que expulsó a los animales, que curiosamente desaparecieron. Asimismo, mera visita la exposición de la industria conservera. Y no puedes perderte el festival de Bandas de Gaitas , en el mes de Julio .;Puerto y Muelle. Paseo marítimo. Faraón. Museo Antón.;Por la autovía A-8 y la carretera N-634;Club Náutico Cuatro Vientos-Rufo Rendueles Teléfono: 985 870 297 / 696 022 412 cncuatrovientos@gmail.com Canales VHF: Canal 9 43º35'3''N,5º45'5''O Número de amarres fijos: 200 Número de fondeos fijos: 25 Dispone de 6 amarres fijos de tránsito Dispone de 15 amarres de fondeo para tránsito Máxima eslora: 14 Combustible: Diesel / Sin plomo Calado bocana: 3 m. Calado dársena: 3 m. Anchura bocana: 65 m. Agua en amarre. Luz en amarre. Club Náutico Parking Botiquín Información Meteorológica y turística Cámaras de vídeo vigilancia Recogida de basuras Recogida de aceites y residuos peligrosos Recogida de Aguas residuales Grúa de 8 Tm. Rampa de varada Oficinas Marina seca Servicio de cunas y carro de varada Servicio de máquina de lavado a presión Servicio público de transporte Farmacia;43.590465,-5.761752;/documents/39908/43200/CANDAS_CARRE%C3%91O_5.jpg/310c0571-ec07-f90b-4a2f-e61bfc011542?t=1674171314810,/documents/39908/43200/VM_Candas1.jpg/adbe41be-d157-c833-e691-cb2158b126a6?t=1674171317106,/documents/39908/43200/PANORAMICA+PUERTO+CANDAS_4.jpg/8976d000-2be2-dae0-1acc-74b4b752fd13?t=1674171315641,/documents/39908/43200/VM_Candas3.jpg/900c911a-dc06-30f8-4145-eb25dda25cab?t=1674171317806;Candás,Candás,Candás,Candás;,,,;;
Ribadesella/Ribeseya;Ribadesella;/documents/39908/43167/Callejero_Ribadesella.pdf/e744f3bd-9e07-5b15-5a26-58dfeeccbae5?t=1674171250849;Oficina de Turismo: Paseo Princesa Letizia, 33560. Ribadesella/Ribeseya;985 860 038;info@ribadesella.es;https://www.ribadesella.es;;;;;;;;;Ribadesella/Ribeseya, piragüismo y arte rupestre;Esta atractiva villa del oriente de Asturias, capital del concejo del mismo nombre, es muy famosa por dos hitos irrenunciables e irrepetibles: por ser el enclave donde se encuentra la prehistórica Cueva de Tito Bustillo, declarada por la Unesco Patrimonio de la Humanidad por la importancia de las pinturas, grabados y otras manifestaciones de arte rupestre. Además a 250 metros de la entrada de esta Cueva, se encuentra el Centro de Arte Rupestre "Tito Bustillo", con una exposición permanente sobre este valiosísimo conjunto artístico. Y por si esto fuera poco, Ribadesella/Ribeseya es meta de una de las carreras de piraguas más conocidas en el mundo, el Descenso Internacional del Sella, que se celebra cada año el primer sábado de agosto, y que es la única fiesta asturiana declarada de Interés Turístico Internacional. El río Sella, que se convierte en ría al surcar el corazón de la villa, marca la vida y el paisaje de este emblemático pueblo marinero, que tradicionalmente ha vivido de la pesca, tanto marítima como fluvial. La caza de la ballena, la pesca en alta mar, de bajura y del salmón, su industria sazonera y su comercio marítimo impregnan un agradable casco histórico. Además la vinculación al Cantábrico tiene su reflejo en seis paneles de cerámica del afamado dibujante y humorista gráfico Antonio Mingote en el paseo de la Grúa. En un recorrido marítimo podrás conocer otros hitos de esta villa como el paseo a pie de ría que lleva el nombre de Princesa Letizia, dado que la actual reina de España pasó gran parte de los veranos de su infancia y juventud en esta villa (de ahí también que se produzcan allí unas galletas riquísimas llamadas Letizias). También está el Paseo de los Vencedores, en el entorno de la meta del famoso Descenso Internacional del Sella, o la Ruta de los Dinosaurios en la Punta'l Pozu. Además, este soleyero pueblo tiene lugares espléndidos para disfrutar del "terraceo", la buena mesa, las copas, o para dar vueltas inolvidables como el paseo de la Grúa, el de la playa de Santa Marina con sus espectaculares edificaciones indianas, el Mirador y capilla de Guía, la playa de la Atalaya… Y una ventaja: Ribadesella/Ribeseya siempre está muy ambientada, especialmente en la primavera-verano, ya que en esta época es una fiesta permanente o te ofrece un sinfín de conciertos, actividades culturales, jornadas gastronómicas, etc. En definitiva, es una villa con una intensa oferta histórica, cultural, marinera, deportiva, gastronómica y social.;Cueva y Centro de Arte Rupestre de Tito Bustillo. Casco Antiguo, Ruta Histórica del Puerto y Ermita de Guía. Playa y paseo marítimo de Santa Marina con construcciones indianas y Playa de Vega con su sistema dunar. La Cuevona de Cuevas y las Huellas de dinosaurio en los acantilados.;Por la autovía A-8 y la carretera N-632;Club Náutico Arra Puerto Deportivo. Ribadesella/Ribeseya 985 861 331 / 606 322 658 http://clubnauticoarra.com/ club.arra@gmail.com Ch 9 43º28'N,04º45'W Número de amarres fijos: 231 Dispone de 10 amarres fijos de tránsito Máxima eslora: 15 m Combustible: Diesel/Sin Plomo Calado Bocana: 1,2 m Calado dársena: 2 m Ancho bocana: 25 m Agua en amarre Luz en amarre Aparcamiento Botiquín Información turística Información meteorológica Cámaras de vídeo vigilancia Recogida de basuras Recogida de aceites y residuos peligrosos Recogida de Aguas residuales Grúa Rampa de varada Oficinas Marina seca Servicio de cunas y carro de varada Servicio de máquina de lavado a presión Servicio público de transporte Farmacia;43.462548,-5.065669;/documents/39908/43167/Ribadesella.jpg/10e9a541-6a7e-3f09-e033-b7bb2e46e4e7?t=1674171250221,/documents/39908/43167/Puerto_Ribadesella.jpg/3c27d583-8cab-0d3b-1d16-fc4e790f8644?t=1674171249520,/documents/39908/43167/VillaRibadesella1.jpg/b2ead50e-0286-12e3-075f-a96af5d74888?t=1674171251665,;Ribadesella/Ribeseya,Puerto de Ribadesella/Ribeseya,Villa de Ribadesella/Ribeseya,Ribadesella/Ribeseya;,,,https://www.youtube.com/watch?v=cFG4bly1OzY;;
Figueras;Castropol;/documents/39908/43149/Callejero_Figueras.pdf/4ce38f1f-abb7-7878-0ecd-244bad70577c?t=1674171215238;Oficina de Turismo: Aparcamiento Peñamar. 33760. Castropol;647 547 477 / 985 635 001 (Ayuntamiento);turismo@castropol.es,oficinadeturismo@castropol.es,;https://www.castropol.es/oficina-de-turismo;;;;;;;;;Figueras, la perla del Eo;A los pies del puente de los Santos, desde su pequeño puerto pesquero disfrutarás de una estampa para enmarcar. Esta serena y privilegiada localidad cuenta con una amplia tradición pesquera y conservera, debilitada en favor de la industria más destacada de la actualidad, la construcción naval, cuyas primeras referencias en este enclave se remontan al siglo XVII. Sus empinadas calles sirven de transición entre las casas marineras, en la parte baja de la localidad, y las más pudientes, en la atalaya. Recorre sus miradores, el encantador puerto - centro de la vida social y económica y arropado por pequeñas calas -, el edificio de la Cofradía de Pescadores, la Torre del Reloj y la capilla de San Román, construida en el siglo XIX a expensas del Gremio de Mareantes. Y aprovecha el paseo para conocer el palacio de Pardo Donlebún y el Palacete Peñalba, construido a principios del siglo XX por el arquitecto militar Ángel Arbex, uno de los discípulos de Gaudí, y que integra el Art Nouveau en la arquitectura indiana. Figueras bien podría ser considerada la perla del Eo porque realmente este coqueto y pequeño puerto que se baña en esta ría - frontera natural entre Asturias y Galicia - tiene todos los ingredientes de una verdadera joya. Es soleyero y luminoso, como de cuento, y las posibilidades que tiene para los deportes náuticos y para el disfrute tanto de la ría como de la mar son inmensas. En Figueras todo está a tiro de piedra. Es un lugar apacible y cómodo, ideal para relajarse, para pasear, para conversar, para disfrutar de la costa, de la arquitectura y, como no, de la mejor gastronomía marinera, y es que en Figueras el aroma a buen guiso marinero late en el aire. Las terrazas del puerto, los palacios con vistas panorámicas, el astillero, los pantalanes que miran a la encaramada Castropol y a la inmensidad de la Ría del Eo, la cercanía de paradisíacas playas…Todo en Figueras te invita a dejarte llevarte por el embrujo de una villa que no te deja indiferente.;Capilla de San Román. Puerto Deportivo. Zona histórica. Miradores.;Por las carreteras AS-110 y AS-118;Club Náutico de Figueras El Muelle 985 636 022 / 648 646 249 josema.a.c@hotmail.com 43º32,14''N / 07º01,25''W Número de amarres fijos: 146 Dispone de 2 amarres de tránsito Máxima eslora: 8 m. Combustible: Diesel/Sin Plomo Calado Bocana: 3 m. Calado dársena: 3 m. Agua en amarre Luz en amarre Club de vela Botiquín Información meteorológica y turística. Cámaras de vídeo vigilancia. Recogida de basuras. Recogida de aceites y residuos peligrosos. Recogida de aguas residuales. Grúa Rampa de Varada. Oficinas. Marina Seca Servicio de cunas. Servicio de máquina de lavado a presión. Farmacia.;43.537273,-7.023528;/documents/39908/43149/Figueras-Castropol.jpg/f5d828d6-b5f4-d9d1-0175-c55aa5aeeb52?t=1674171214124,/documents/39908/43149/Cofradia+de+pescadores+de+Figueras.JPG/6c33e31b-ff92-c40d-45c8-6963637c3e73?t=1674171213456,/documents/39908/43149/VillaFigueras5.jpg/eeeeb093-ede4-6c0b-f44e-2d5e33033c87?t=1674171218592,/documents/39908/43149/VillaFigueras3.jpg/29b045d3-6177-dfd5-f66d-8a3d1036a6cf?t=1674171217988;Puerto de Figueras,Cofradía de pescadores de Figueras,Villa de Figueras,Playa de Figueras;,,,;;,,
El Porto/Viavélez;El Franco;;Aula Etnográfica 'A Bodega': Complejo Cultural 'As Quintas'. 33750. A Caridá;985 637 233 / 619 368 169 / 985 478 601 (Ayuntamiento);turismo@elfranco.es;https://www.elfranco.es;;;;;;;;;El Porto/Viavélez, coqueta y literaria;El Porto/Viavélez hace honor a la belleza de la costa occidental con sus puertos y villas marineras, y le otorga a El Franco, su municipio, un lugar destacado en lo que a paisajes de costa se refiere. Recóndita, casi secreta y humilde, Viavélez te ofrece paz, ambiente de puerto pesquero, buena cocina y mucha literatura. Precisamente por el arte de las letras, esta villa marinera del occidente asturiano ha viajado por todo el mundo gracias a que su hija predilecta, la novelista Corín Tellado - la más leída en lengua castellana después de Cervantes - nació en esta hermosa villa y allí te encontrarás su casa natal. Además esta autora da nombre a una de las calles más bonitas de la localidad, trazada desde la Cofradía de Pescadores. Como toda villa marinera que se precie, Viavélez conserva en sus costumbres y en su típica arquitectura la esencia de la cultura del occidente de Asturias, y así lo sentirás en sus calles, en su puerto o en su mirador, desde el que tendrás espectaculares vistas del litoral. Pese a su actual tranquilidad, su puerto desempeñó durante siglos un papel predominante en la pesca ballenera, y su astillero, con fama de construir los bergantines más veloces de toda la costa asturiana, finalizó su actividad en el siglo XIX. Esto dejó paso a una adaptación del muelle como luce en la actualidad. Así que date un bonito paseo por esta relajante villa impregnada en todos sus rincones por el mar Cantábrico, y sube hasta el mirador de El Porto para contemplar una gran panorámica. Una vez allí encontrarás la escultura denominada "Litoral", de Ernesto Knorr, que te resumirá como una metáfora el espíritu vivo y luchador de la siempre amable Viavélez.  ;Puerto pesquero. Mirador de Viavélez. Casa Natal de Corín Tellado. Palacio Jardón (exterior).;Por la carretera AS-257;Puerto de Viavélez El MuelleViavélez 985 637 074 Combustible: Diesel/Sin Plomo;43.563059,-6.840446;/documents/39908/43188/Viav%C3%A9lez+-+El+Franco.jpg/61dc00d9-5cae-827c-04d6-ea01487e5741?t=1674171296950,/documents/39908/43188/Viav%C3%A9lez+-+El+Franco+%282%29.jpg/16077be6-8f08-58c2-5d04-6d42f94dcd9f?t=1674171295646,/documents/39908/43188/Viav%C3%A9lez+-+El+Franco+%283%29.jpg/361977fc-061f-6fde-9f87-a6a4c3dd71c3?t=1674171296294,/documents/39908/43188/Viav%C3%A9lez+-+El+Franco+%281%29.jpg/4bd30109-acff-a79e-b3e1-e5d8f2b5888a?t=1674171297633;El Porto/Viavélez,El Porto/Viavélez,El Porto/Viavélez,El Porto/Viavélez;,,,;;
Tapia;Tapia de Casariego;/documents/39908/43176/Callejero_Tapia.pdf/d4be33b5-b940-3f88-bc50-afe266b68a1d?t=1674171267816;Oficina de Turismo: Casa de Cultura - Plaza del Mercado, 1. 33740. Tapia;985 471 099 / 985 628 080;turismotapia@hotmail.com;https://www.tapiadecasariego.es;;;;;;;;;Tapia, la meca del surf en el norte de España;Descubre una de las villas marineras más bonitas y turísticas del occidente asturiano, con orígenes balleneros. Tapia, capital del concejo de Tapia de Casariego, destaca por su fuerte vinculación a la pesca y la industria conservera. Recorre su bonito puerto pesquero y deportivo, y vive una subasta en directo de la rula. Siéntate en las terrazas de los bares y restaurantes del muelle y contempla, con el característico sonido de las gaviotas de fondo, la pintoresca estampa de su flota amarrada, el faro de la isla y los diques exteriores – obra decimonónica de Fernando Fernández-Casariego, el marqués de Casariego -. Sube por el barrio marinero de San Sebastián, acércate hasta San Blas - su zona más antigua -, y pasea por La Guardia para contemplar desde el mirador de Os Cañóis unas impresionantes vistas del Cantábrico. Así pues, Tapia impresiona a simple vista por su coqueto puerto y sus casas marineras. Por su ambiente de tabernas, terrazas y restaurantes, por sus playas, por sus gentes entreabiertas y con ganas de recibir al visitante. Impresiona por sus vistas panorámicas desde su paseo frente al mar o su mirador. Pero Tapia impresiona también por su historia y por sus personajes ilustres, y precisamente sobre estos aspectos podrás profundizar gracias a la exposición "Los señores de las Casas Palacio", ubicada en la Casa de Cultura de la villa tapiega. Tapia es festiva, céltica - de hecho es la cuna del Festival Intercéltico d'Occidente, declarado de Interés Turístico -, y entre sus méritos está el de ser pionera del surf en el Cantábrico, siendo su playa de Anguileiro escenario de una de las más afamadas pruebas del Campeonato del Mundo de surf. Pero su condición de pionera no se ciñe al deporte, como lo prueba el hecho de que Tapia fue el primer puerto en el que desembarcó el maíz procedente de América. De vocación transoceánica y universalista Tapia te ofrece sosiego a pie de mar, deporte, sol y playa, excelente cocina y agradable ambiente.  ;Paseo Marítimo. Barrio de San Sebastián. Puerto y Faro. Mirador del Monte (La Roda). Qué ver en Tapia y alrededores.;Por la autovía A-8 y las carretera AS-23 y N-634;C.D.M El Orreo de Tapia Aptdo 24. Tapia de Casariego 659 701 381, 680 342 910, 647 972 222 http://elorriotapia.com/ elorriotapia@gmail.com Ch 9 43º34'23,3''N,006º56'49,7''W Número de amarres fijos: 60 No dispone de amarres de tránsito Máxima eslora: 20 m Calado bocana: 11 m Calado dársena: 8 m Anchura bocana: 50 m Recogida de basuras Recogida de aceites y residuos peligrosos Recogida de Aguas residuales Grúa Rampa de varada Servicio de cunas y carro de varada Servicio de maquina de lavado a presión Servicio público de transporte Farmacia;43.572526,-6.947036;/documents/39908/43176/barco-puerto-tapia.jpg/9eed1ac4-bef5-25dc-adfe-2ce8dc7f9dc7?t=1674171274234,/documents/39908/43176/VM_TapiadeCasariego3.jpg/5eeda3ad-c2d6-2977-44bf-1476efe38a32?t=1674171272897,/documents/39908/43176/puerto-tapia-%282%29.jpg/61ae5053-253a-5cb7-7542-30ac4a9c6a0f?t=1674171277256,/documents/39908/43176/terraza-en-puerto-de-tapia.jpg/2aeb1daf-2dd1-7f40-fe08-4f103ed39723?t=1674171275653;Puerto de Tapia,Puerto de Tapia,Tapia,Puerto de Tapia;,,,;;
Llanes;Llanes;;Oficina de Turismo: Marqués de Canillejas, 1 (Antigua Lonja de Pescado), 33500. Llanes;985 400 164;turismo@ayuntamientodellanes.com;https://www.llanes.es;https://www.facebook.com/llanesturismo/;https://twitter.com/llanesturismo;https://www.youtube.com/watch?v=jQUEjGHYHP8;;;;;;Llanes, la belleza que asoma entre el mar y la montaña;Hay pocas cosas que brillen tanto con el sol en Asturias, como el azabache puro que llevan los trajes de llanisca… Y es que esta villa del oriente de Asturias, que lleva de la mano a la cordillera del Cuera y a los Picos de Europa a zambullirse en el Mar Cantábrico, es un crisol de las más ancestrales tradiciones rurales asturianas. Sin duda a Llanes, capital del concejo del mismo nombre, se le acumulan los encantos: la proximidad a los Picos de Europa, sus idílicas playas, la tradición marinera, su vida cultural y social y su gastronomía. Efectivamente Llanes y sus playas son realmente la costa de los Picos de Europa. Pero además la villa atesora una prodigiosa historia que se lee a cada paso en su Casco Histórico. Declarado Conjunto Histórico-Artístico y bordeado por una muralla del siglo XIII, conserva la torre y numerosos palacios y casonas de los siglos XVI y XVII. Rincones increíbles que se combinan con una amplia oferta de tiendas y restaurantes. Un recorrido por Llanes es siempre sorprendente, con su puerto pesquero para transportarte a una de las fuentes de riqueza de la localidad durante siglos, o con el maravilloso Paseo de San Pedro sobre los acantilados. Además la villa puede presumir de tener el puerto más artístico de España con los Cubos de la Memoria, obra de Agustín Ibarrola, que sirven como rompeolas en el espigón. También llamarán tu atención el edificio del Casino y la numerosa y bellísima arquitectura indiana diseminada por toda la villa y alrededores. Asimismo verás que muchos de estos lugares, al igual que las maravillosas playas del entorno, han servido de escenario a películas como "El orfanato", "La señora" e "Historia de un beso". El verano llanisco es único y a ello contribuyen sus fiestas - La Magdalena, San Roque y La Guía -, que entre las tres suman más de mil quinientos años de antigüedad y que se organizan a través de sus respectivos Bandos, una circunstancia muy singular que solo se da en Llanes. En definitiva, Llanes es un combinado de belleza y señorío que se asoma poderoso entre el Cantábrico y las altas cumbres de los Picos de Europa.;Llanes, cuando ir de playa se convierte en mucho más Casco Histórico (declarado Conjunto Histórico-Artístico). Basílica de Santa María. Paseo de San Pedro. Cubos de la Memoria.;Por la autovía A-8 y la carretera N-634;Club Marítimo de Llanes. El Muelle, Aptdo. 123 639 673 516 clubmaritimollanes.com clubmaritimollanes@gmail.com Ch9 43º 25' 30'' N / 04º 45' 00'' W Número de amarres fijos: 140 Dispone de 2 amarres fijos de tránsito. Máxima eslora: 12 m. Combustible: Diesel/Sin Plomo Calado Bocana: 3 m. Calado dársena: 2,5 m. Anchura bocana: 9 m. Agua en amarre Luz en amarre Club y escuela de vela Aparcamiento Información meteorológica y turística Cámaras de vídeo vigilancia Recogida de basuras Recogida de aceites y residuos peligrosos Recogida de aguas residuales Rampa de varada oficinas Marina seca Servicio de cunas y carro de varada Servicio de máquina de lavado a presión Servicio público de transporte Farmacia;43.420082,-4.753578;/documents/39908/43161/2021-llanes+%281%29.jpg/f73e3ae8-e0bf-e952-50bf-3cb1d840a3f2?t=1674171243401,/documents/39908/43161/2021-llanes+%282%29.jpg/386a132c-dd90-805f-013e-6e858ce2e426?t=1674171244192,/documents/39908/43161/2021-llanes.jpg/180ee738-cc4d-6c24-d981-b22bb1c3cfea?t=1674171244853,,;Puerto de Llanes,Paseo San Pedro de Llanes,Llanes,Llanes, disfrútame todo el año,;,,,https://www.youtube.com/watch?v=utKxhit6Jys,;;www.llanesdecine.com
Castropol;Castropol;/documents/39908/43197/Callejero_Castropol.pdf/20193182-bc81-6e4a-9ede-5a8366ee2a50?t=1674171309887;Oficina de Turismo: Aparcamiento Peñamar. 33760. Castropol;647 547 477 / 985 635 001 (Ayuntamiento);turismo@castropol.es,oficinadeturismo@castropol.es;https://www.castropol.es/oficina-de-turismo;;;;;;;;;Castropol, la frontera más occidental;Castropol, perteneciente al concejo del mismo nombre, luce señorial en un promontorio escalonado que desemboca en la majestuosa ría del Eo, frontera natural entre Asturias y Galicia. Esta ilustre villa es la noble frontera entre dos territorios afines y sus calles, que cada año se engalanan de alfombras florales - coincidiendo con la festividad del Corpus -, son una muestra de un interesante Casco histórico en el que destaca tanto la arquitectura civil como la religiosa de los últimos tres o cuatro siglos. Palacios y casas blasonadas, capillas, iglesias, plazas, parques, todo en Castropol nos conduce a un pasado de gloria y esplendor. La antigüedad que destilan sus piedras unido al aroma marinero de sus fogones y su vocación náutica hacen de esta villa un lugar único, de vistas panorámicas espectaculares ya que su elevación sobre la Ría del Eo convierte a la parte alta de Castropol en un imponente mirador cuya perspectiva desemboca en el Cantábrico. Pero además Castropol es único por sus ostras - de sabor inigualable -, Tanto es así que frente a su costa se cultiva este molusco, y además es posible vivir una experiencia guiada por el mundo de la acuicultura. Asimismo lugares de especial interés son, por su encanto, el puerto, el Parque Vicente Loriente, el mirador de la Mirandilla, la capilla de Santa María del Campo (la única que se salvó del incendio de 1587 que arrasó el pueblo), así como su arquitectura indiana. Llama la atención en Castropol su ambiente de traineras entrenando y compitiendo en plena ría, o su vocación al deporte fluvial y marítimo, que hace que desde su puerto se hagan a la ría y a la mar sus clásicos barcos de vela latina. También es habitual contemplar la práctica del windsurf - cuando hay buenos vientos -, el kayak de río y de mar, el esquí náutico, la pesca y un sinfín de posibilidades, acorde el escenario natural que teje el gran estuario del Eo, donde cuenta una leyenda que, en sus profundidades, se conservan dos galeras españolas cargadas de joyas…;Casco Histórico. Puerto deportivo y pesquero. Parque Vicente Loriente. Mirador de la Mirandilla. Castropol y sus alfombras florales;Por la carretera N-640;Puerto de Castropol Club de Vela Castropol - Paseo del Muelle Asturias 606 623 953 joaquin@clubvelacastropol.com;43.527672,-7.032117;/documents/39908/43197/VM_Castropol1.jpg/0e8a299b-e73c-37eb-15a5-1d4f0df30b88?t=1674171312803,/documents/39908/43197/VM_Castropol2.jpg/22e6cd6a-a030-3d0e-6e09-faa7a59985d5?t=1674171313467,/documents/39908/43197/VM_Castropol3.jpg/037df069-6457-7c24-9c26-b0f58657d41f?t=1674171311404,/documents/39908/43197/VM_Castropol4.jpg/665776d4-95f0-5c25-a6c0-f43889dbc82e?t=1674171314133;Castropol,Castropol,Castropol,Castropol;,,,;Periodo de apertura Oficina de Turismo: 15/07 a 30/09, SS y P;
San Esteban;Muros de Nalón;;Punto de Información Turística: Casto Plasencia. 33130. San Esteban;985 580 379 / 985 583 030 (Ayuntamiento);turismo@murosdenalon.es;https://www.murosdenalon.es;;;;;;;;;San Esteban, arte y carbón;San Esteban, en el concejo de Muros de Nalón, luce su espléndida figura en la margen izquierda de la ría del Nalón, a escasos metros de su desembocadura en el Cantábrico. El que fuera el primer y único puerto carbonero de España, en pleno auge del sector en el siglo XX, daba salida a este mineral para la industria siderúrgica. Te resultará muy fácil adentrarte en su historia gracias a sus restauradas grúas y los cargaderos de su puerto, centrado hoy en la actividad pesquera y deportiva. Por su parte, la popular Ruta de los Miradores posee unas vistas espectaculares sobre la ría y su entorno, y combina elementos histórico-industriales que te darán idea del esplendor de la villa en el siglo pasado al recorrer sendas de pescadores, "caleyas" (caminos de aldea) y vías del ferrocarril, facilitándote observar el patrimonio de esa esplendorosa época. Por su impresionante ubicación natural, San Esteban ha llamado la atención de los artistas, albergando a principios del siglo XX una notable colonia entre los que se encontraba el destacado poeta nicaragüense Rubén Darío. Pero además de su vocación artística, San Esteban tiene aire cosmopolita que deja entrever en su pasado indiano que se manifiesta en sus arquitecturas de ultramar y en las palmeras de sus jardines privados. San Esteban es única, porque ninguna otra villa marinera en Asturias conjuga como ella la parte marinera, con la industrial y minera. Cargaderos y grúas, presentes todavía en su paseo fluvial, se alzan como imponentes testigos de un pasado febril y fabril que hizo de San Esteban un gran epicentro de la vida social, cultural y económica de Asturias. Al atardecer o ya de noche las grúas de San Esteban parecen gigantes de metal con una llamativa iluminación … En realidad, un paseo por San Esteban te bastará para comprender que lo tienes todo al alcance de la mano: una ría espectacular, una piscina de agua salada, la capilla del Espíritu Santo - a la que llegas tras subir 420 escalones -, y es el punto de partida de una ruta de miradores que te dejarán boquiabierto y que te conduce hasta la playa de Aguilar, un puerto pesquero y deportivo, unas gentes muy atentas y un ambiente relajado.;Casco Histórico. Puerto. Ruta de los Miradores. Playa de Aguilar.;Por la autovía A-8 y las carreteras N-634 y AS-12;Náutico San Esteban Paseo Marítimo. San Esteban  985 580 121 / 626 260 813 www.nauticosanesteban.com info@nauticosanesteban.com Ch 9 43º33'17.80''N,6º05'03.79'W Número de amarres fijos: 80 No dispone de amarres de tránsito Número de fondeos fijos: 11 Combustible: Sin Plomo Calado Bocana: 2 m Calado dársena: 3 m Ancho bocana: 55 m Agua en amarre Luz en amarre Club de vela Aparcamiento Cámaras de vídeo vigilancia Recogida de basuras Recogida de aceites y residuos peligrosos Rampa de varada Oficinas Marina seca Servicio de máquina de lavado a presión Servicio público de transporte Farmacia;43.551594,-6.087052;/documents/39908/43170/san-esteban.jpg/3ce0802f-6bae-7f7f-8520-fe022f9d938f?t=1674171259165,/documents/39908/43170/procesion-marinera-san-esteban.jpg/727e081b-be34-63de-80e4-aea051fe033b?t=1674171260453,/documents/39908/43170/san-esteban3.jpg/d2303cdc-aec3-1d5c-3a7d-118941781559?t=1674171261085,/documents/39908/43170/mirador-espiritu-santo-san-esteban.jpg/6e1dc2ef-3410-311b-930f-430ece26f0d2?t=1674171259779;Cargaderos de San Esteban,Procesión marinera en San Esteban,Anocheciendo en San Esteban,Mirador del Espíritu Santo en San Esteban;,,,;El punto de información turística abre solo en verano (20/06 a 19/09);
Llastres;Colunga;/documents/39908/43155/callejero-llastres.pdf/f411cb3a-46c9-3a33-3228-eb7b0a34b71e?t=1731064225188;Centro de recepción de Visitantes: Plaza de la Iglesia, 33320. Llastres;985 852 200;info@colunga.es;https://www.turismocolunga.es;;;;;;;;;Llastres, de lo más guapo de España;Encajonado entre el mar y la montaña, enseguida comprenderás por qué Llastres, en el concejo de Colunga, es considerado uno de los pueblos más bonitos de España, distinción que ostenta oficialmente y que es completamente merecida. Además este pueblo marinero antaño dedicado a la pesca de ballenas y fortín ante posibles invasiones por la costa, fue distinguido como Pueblo Ejemplar de Asturias, galardón que la Fundación Princesa de Asturias le otorgó en 2010. Precisamente entonces la Fundación destacó su peculiar adaptación al terreno y el espíritu de superación de sus habitantes. Así que este enclave en la costa oriental de Asturias es famoso por su incansable actividad pesquera durante siglos, por su excelente gastronomía de la mar, y por su singular belleza. En el puerto disfrutarás de los pescadores faenando y de la subasta de los pescados y mariscos que podrás degustar en sus restaurantes y sidrerías. Además desde el Mirador de San Roque, en la parte alta, tendrás una inmejorable vista panorámica del pueblo, sus playas, la Sierra del Sueve y los Picos de Europa. Precisamente desde este lugar entenderás por qué Llastres es uno de los lugares más fotografiados y filmados de toda Asturias, y es que el encanto de Llastres y su atmósfera de tranquilidad cantábrica es absolutamente cautivadora. Más de una película y serie de televisión se ha rodado en Llastres, adquiriendo especial notoriedad la televisiva "Doctor Mateo", hasta el punto de que hay una ruta turística que recorre los lugares más emblemáticos de esta popular serie. Llastres tiene un espectacular casco antiguo, de calles empedradas, de palacios y casas blasonadas que se entremezclan con las sencillas viviendas de pescadores, y todas tienen un denominador común: la brisa marina que las acaricia constantemente y las espléndidas panorámicas al Cantábrico y al Monte Sueve. Muchos son los lugares con encanto: el barrio de los Balleneros, la capilla del Buen Suceso, la Torre del Reloj y la Iglesia de Santa María de Sábada. Por si fuera poco, Llastres no solo tiene puerto sino preciosas playas, siendo un escenario ideal para los deportes náuticos, y para disfrutar de alicientes culturales como el Museo del Jurásico, que se encuentra en sus inmediaciones, o de las huellas de dinosaurios, que hallarás en su costa. Más inforamación: https://www.lacomarcadelasidra.com;Casco Histórico. Museo del Jurásico. Faro Luces. Subasta de pescado en la lonja. Escuchar Audioguía de Llastres;Por la carretera AS-31;Club Náutico Bahía de Llastres El Muelle, local 12 985 851 516 clubnauticobahiadelastres@hotmail.com Ch16 43º31'N,5º16'W Número de amarres fijos: 164 No dispone de amarres de tránsito Combustible: Diesel/Sin Plomo Agua en amarre Luz en amarre Aparcamiento. Cámaras de vídeo vigilancia. Recogida de aceites y residuos peligrosos. Recogida de Aguas Residuales. Grúa. Marina Seca.(depende de Puertos del Estado). Oficinas Servicio de cunas y carro de varada. Servicio de máquina de lavado a presión. Servicio público de transporte. Farmacia.;43.515555,-5.267661;/documents/39908/43155/llastres-2021+%281%29.jpg/738196ee-2613-35cc-b201-53b7946fcee7?t=1674171231169,/documents/39908/43155/llastres-2021+%282%29.jpg/bb3f2d04-63b4-ed8d-60e0-00f397a9b82f?t=1674171231854,/documents/39908/43155/llastres-2021+%283%29.jpg/1f261f62-1c60-ab81-e620-662511a727a9?t=1674171232455,/documents/39908/43155/Lastres1.jpg/a7d3820c-d060-1d0c-4436-c50399e9a920?t=1674171225768;Vista panorámica de Llastres,Llastres,Llastres,Llastres;,,,;;
Tazones;Villaviciosa;;Oficina de Turismo: Casa de los Hevia, C/ Agua 29 - 33300 - Villaviciosa;985 891 759;turvilla@lacomarcadelasidra.com;https://www.lacomarcadelasidra.com;;;;;;;;;Tazones, el que enamoró a Carlos V;Es el único puerto asturiano con carácter imperial y que forma parte de las rutas imperiales de Carlos V en Europa y es que este coqueto y pequeño puerto ubicado en las inmediaciones de la ría de Villaviciosa fue lo primero que conoció el emperador Carlos V en su primer viaje a la Península, en setiembre de 1517. Este hecho histórico, recreado por los vecinos de la zona cada mes de agosto, en una cita que está declarada de Interés Turístico, ha marcado para siempre la vida de esta villa marinera con amplia tradición ballenera y donde atracaron tanto navíos nacionales como extranjeros. Muchas crónicas y comentarios sobre aquel episodio se han escrito en estos cinco siglos que se cumplieron precisamente en 2017, pero todos coinciden en señalar lo sorprendido y prendado que se quedó el emperador con aquellas gentes y con aquel paisaje de ensueño. Las capturas que llegan al puerto de Tazones son subastadas en su lonja, así que te será fácil degustar exquisitos pescados y mariscos en sus restaurantes y sidrerías, diseminados por las pintorescas callejuelas que conforman sus dos barrios, San Miguel y San Roque, declarados Conjunto Histórico-Artístico. A marea baja, podrás buscar huellas de dinosaurios en su costa, y también acercarte a la zona del faro, uno de los mejor conservados del litoral asturiano. Tazones, en el concejo de Villaviciosa, sigue siendo hoy aquel recóndito y amable pueblo que cautivó el corazón de un joven emperador. Sus barrios de antiguos casitas de pescadores, coloristas y con aromas de mar, sus rincones tan singulares como el de la Casa de las Conchas, sus animados restaurantes y terrazas que ofrecen exquisitos manjares del Cantábrico, su animado ambiente, hacen de esta villa marinera un lugar único al que siempre deseas volver. Es ideal para una jornada marinera.;Conjunto histórico de Tazones. Faro de Tazones. Reserva natural de la Ría de Villaviciosa y su Centro de Interpretación. Ruta de senderismo del Azabache. Escuchar Audioguía de Tazones;Por la autovia A-8 y las carreteras N-632, AS-256 y VV-5 ;Puerto de Tazones El Muelle 985 897 005 ctazones@asturias.org Canal 16 43º32'43.91"N,5º23'51.17"W Número de amarres fijos: 7 Máxima eslora: 20 m Combustible: Diesel/Sin Plomo Calado Bocana: 2 m Calado dársena: Cambia cada 6 horas;43.545699,-5.397808;/documents/39908/43179/Tazones_Villaviciosa.jpg/c030a7de-e13d-eeb9-fe86-934ccc99358e?t=1674171282447,/documents/39908/43179/Tazones2.jpg/d8c37d60-0da7-b96e-efca-1a6c184d7b78?t=1674171279226,/documents/39908/43179/Puerto_de_Tazones_Villaviciosa.jpg/c1fb9b95-e56a-bca3-2ce5-c556eb26ed9d?t=1674171281697,/documents/39908/43179/Tazones.jpg/7c2a4b2e-c5fd-fb5e-7971-abad4b3d47a6?t=1674171277894;Vista de Tazones,Tazones,Puerto de Tazones,Vista panorámica de Tazones;,,,;;http://www.lacomarcadelasidra.com
Ortigueira;Coaña;/documents/39908/43185/Callejero_Ortiguera.pdf/f3e77da4-0f66-0ab4-2325-61b4ab239000?t=1674171293962;Oficina de Turismo: Castro de Coaña, 33795. Villacondide;679 810 007;areadeturismo@hotmail.com;https://ayuntamientodecoana.com;;;;;;;;;Ortigueira, la pureza marinera;A solo veinte metros de altitud sobre el mar, este pequeño pueblo pesquero en la costa occidental, en el municipio de Coaña, nació con las casas de los marineros enclavadas en las vertientes de un pequeño valle que se funde con el Cantábrico. Su tradición viene de la caza de ballenas y la pesca de langostas, oficio que durante siglos ocupó a varias generaciones. Tras años atracando en una peña plana muy azotada por el mar, se construyó el pintoresco puerto de El Ribeiro. Así que Ortigueira es un enclave muy antiguo, que comienza su desarrollo en plena Edad Media, y que tiene un pasado de trabajo y lucha como puerto ballenero. Adéntrate en los encantos de sus tradicionales viviendas invadidas de espíritu marinero, y ya en la parte alta, en las construcciones de arquitectura indiana – pues muchos de sus habitantes probaron fortuna en América -, todas con vistas al mar. En este sentido la Quinta Jardón es una parada obligatoria, símbolo del progreso impulsado por esta familia benefactora de la villa a partir del siglo XIX, y que cuenta con uno de los jardines de influencia francesa mejor conservados del Principado. Por tanto, la primera impresión al llegar a Ortigueira es la de estar en un lugar recóndito, distinto, apacible, con inmejorable panorámica oceánica y donde la esencia marinera se respira. Hasta tal punto que, como verás, es un pueblo y un puerto abierto a la inmensidad del cantábrico como pocos. Escarpado y colgado de laderas que desembocan en la mar, Ortigueira te ofrece un paseo inigualable y un baño inolvidable de vida marina. Podrás disfrutar con un bonito paseo hasta sus dos faros, que son una maravilla. Por un lado el antiguo, con la singularidad de que funcionaba con una válvula solar, y el moderno. Además el antiguo conserva la campana, que se tocaba ante el paso de los barcos por la costa. También llamará tu atención su capilla, y te tocará el corazón el monumento a los marineros fallecidos. Es sobrio pero impactante, y de alguna manera representa el espíritu indómito y valiente de los habitantes de este lugar que no te deja indiferente. ¡Y después de todo esto, si te animas, puedes hacer una escapada hasta el Castro de Coaña!;Faro. Puerto pesquero. Arquitectura de la Emigración. Playa.;Por la autovia A-8;Puerto de Ortiguera Cabo San Agustín 985 630 851 43°33"40.26""N,6°44"27.08""W Combustible: Diesel/Sin Plomo;43.560892,-6.740782;/documents/39908/43185/Ortiguera_Coana.jpg/2ac7683e-a222-3a39-4d66-47accf35cb26?t=1674171294913,/documents/39908/43185/Puerto+de+Ortiguera.jpg/5e89a393-fd47-0901-358b-dc7b4a3a9db2?t=1674171293270,/documents/39908/43185/Faro+de+Ortiguera.jpg/6bf0bb04-6307-f05d-c53e-b955ff608c1a?t=1674171290870,/documents/39908/43185/Ortiguera1.jpg/b43ea79f-2842-e5f4-584a-cb8c25b33297?t=1674171290041;Ortiguera,Puerto de Ortiguera,Faro de Ortiguera,Puerto de Ortiguera;,,,;;
Cudillero;Cudillero;;Oficina de Turismo: Puerto del Oeste, 33150. Cudillero;985 591 377;info@vivecudillero.com;https://www.turismocudillero.com;;;;;;;;;Cudillero, recóndita y pixueta;Cudillero, capital del concejo del mismo nombre, es tan diferente a cualquier otra villa marinera que ronde tu imaginación, que hasta tiene su propia y personal lengua: el pixueto, que se exhibe cada año de manera multitudinaria en el pregón de L'Amuravela, pieza que narra en clave de humor e ironía lo acontecido a lo largo del año. L'Amuravela, que se celebra cada 29 de junio coincidiendo con la festividad de San Pedro, es uno de los grandes acontecimientos de este pueblo singular en el más amplio sentido del término. Pues singular es también la configuración física de Cudillero, escondido desde la mar y desde la tierra, y descolgado en humildes casas de mil colores, que dan forma a su conocido y fotografiado anfiteatro. Cudillero rezuma mar y pesca por los cuatro costados, y aún conserva tradiciones tan singulares como la del curadillo, manjar único, inventado por los marineros pixuetos en épocas pasadas, cuando dejaban deshidratarse pequeños escualos durante meses a la puerta de sus casas. Era la fórmula frigorífica de entonces y fue todo un avance para la supervivencia, además de seña de identidad de las casas de los pescadores. Por su peculiar orografía, Cudillero tiene vistas espectaculares desde el faro o la atalaya. Además impresiona su entrada por El Pito, con la sucesión de casas indianas que hay en la zona, además del Palacio Selgas, un espléndido conjunto del siglo XIX conocido como el "Versalles asturiano". Barrios de pescadores, viento y mar, buenas vistas, cocina marinera, ambiente todo el año e inspiración literaria y artística. No pierdas la oportunidad de recorrer el puerto que encandiló a Hollywood con la oscarizada película ‘Volver a empezar', y también aprovecha para acercarte al faro y a la capilla del Humilladero, su encantadora joya gótica. Podrás apreciar los contrastes entre la parte alta del pueblo, más dedicada a la agricultura, y la baja, centrada en la pesca y el turismo. Y por supuesto, tienes que disfrutar con sus sabores, principalmente un delicioso pescado, en las terrazas del puerto. Todo esto y mucho más es Cudillero.;Las 10 mejores cosas que ver y hacer en Cudillero Anfiteatro. Faro. Puerto.;Por la autovía A-8 y las carreteras AS-I, AS-II y N-632;Puerto de Cudillero Puerto Nuevo 33150 Cudillero Teléfono: 677 508 699 (tardes y fines de semana) http://www.clubnauticocudillero.es cnauticocudillero@yahoo.es VHF: Ch9 43º34'00''N,6º9'044''W Número de amarres fijos: 83 No dispone de amarres fijos de tránsito Amarres en fondeo: 20 Máxima eslora recomendada: 30 m. Combustible: Diesel/Sin Plomo Calado Bocana: 5 m. Calado dársena: 8 m. Anchura bocana: 40 m. Agua en amarre Recogida de basuras. Recogida de aceites y residuos peligrosos. Recogida de aguas residuales. Aparcamiento. Grúa. Rampa de varada. Oficinas Marina seca. Carros de varada. Servicio de máquina de lavado a presión. Servicio público de transporte. Farmacia.;43.567528,-6.148063;/documents/39908/43146/VM_Cudillero1.jpg/3f7a67ec-1f35-0c08-ea29-fecf0d80951c?t=1674171208310,/documents/39908/43146/VM_Cudillero2.jpg/12fcadc9-7d80-269c-ea34-a89ab8c1b945?t=1674171210662,/documents/39908/43146/VM_Cudillero3.jpg/3a2b6211-0228-a183-37f7-5bfdb5042bc5?t=1674171211296,/documents/39908/43146/VM_Cudillero4.jpg/71fac674-af94-48fd-fe4c-20ade65ebc0a?t=1674171209941;Cudillero,Pregón de L'Amuravela,Curadillo,Barcas de pesca;,,,;;
Navia;Navia;/documents/39908/43158/Callejero+Navia.pdf/0abc4005-a847-2f57-ff9c-c2fe7186fac8?t=1674171233096;Oficina de Turismo: Jardines de Alfonso Iglesias - Avda. de la Dársena, 33710. Navia;985 473 795;turismo@ayto-navia.es;https://www.naviaturismo.com;;;;;;;;;Navia, el paraíso de la natación;Navia, capital del concejo del mismo nombre, te ofrece un montón de posibilidades turísticas y de ocio por su rico patrimonio monumental, etnográfico, artístico y por su amplia actividad social. El puerto es un enclave fundamental en la vida de esta villa, y allí encontrarás desde pequeñas embarcaciones hasta otras más grandes, así como su destacado astillero naval. Una sugerencia es que recorras su paseo marítimo adaptado, disfrutando de unas bellas vistas hasta llegar a la playa. No dejes de visitar su casco histórico, con restos de la antigua muralla y hoy eje comercial del entorno, así como los diferentes monumentos dedicados al emigrante, donde gravita una gaviota que desafía la bravura del océano. En un vistazo panorámico lo primero que te llamará la atención de Navia es la potencia de su ría, enorme, caudalosa, con una desembocadura que se abre a la mar con auténtica vocación oceánica. Navia pivota su vida marítimo-fluvial en torno a su ría y su playa, con un frente costa espectacular tanto desde la tierra como desde la mar. Los deportes náuticos son uno de los fuertes en su vida cotidiana, y sin ir más lejos, Navia celebra desde hace más de 60 años uno de los Descensos a nado más famosos y competitivos de toda España, y con un impresionante programa de actividades culturales y lúdicos que se celebran en paralelo. Además, el ambientazo del Descenso a nado es único: miles y miles de personas en torno al deporte y la fiesta. Todo es grandioso en Navia: sus astilleros, su casco histórico, sus palacios, sus casas indianas… Y por supuesto su historia, jalonada de gestas e ilustres personajes, siendo uno de los más emblemáticos el político y escritor Ramón de Campoamor, además de Rafael Calzada, impulsor de la modernización de la villa. En lo que a los fogones se refiere, su cocina marinera es un primor, y no falta un buen postre típico, como es la famosa Venera, que toma mil formas y un sabor clásico a base de almendra, azúcar y huevo. Un paseo por la costa occidental tiene una parada obligada en la siempre cálida y acogedora Navia, con sus animadas gentes que se caracterizan por su hospitalidad.;La ría y su paseo. Puerto. Parque Campoamor. Ayuntamiento.;Por la autovía A-8 y las carreteras N-634 y AS-12;Club Náutico Deportivo El Muelle. Navia 985 474 229 / 691 471 153 clubnauticodeportivodenavia@gmail.com Ch 9 y 16 43º34'N,06º44'W Número de amarres fijos: 81 Amarres en fondeo: 14 Dispone de 3 amarres fijos de tránsito Máxima eslora: 15 m Calado Bocana: 2 m Calado dársena: 1 m Anchura bocana: 50 m Agua en amarre Luz en amarre WC Aparcamiento Botiquín Cámaras de vídeo vigilancia Recogida de basuras Recogida de aceites y residuos peligrosos Recogida de aguas residuales Grúa Rampa de varada Oficinas Marina seca Servicio de cunas Servicio de máquina de lavado a presión Servicio público de transporte Farmacia;43.541318,-6.723441;/documents/39908/43158/VillaNavia1.jpg/c82a1ae3-ac68-9e94-67c2-e738765e1213?t=1674171233871,/documents/39908/43158/VillaNavia2.jpg/d7f8dda5-6fe7-8d06-7ab8-2c571e6f692c?t=1674171234462,/documents/39908/43158/VillaNavia3.jpg/36bcca39-9875-f48b-9f21-e4b75302cbf5?t=1674171235065,/documents/39908/43158/VillaNavia4.jpg/887cff0a-2fbf-ea4d-e68b-ca9f56742724?t=1674171235732;Puerto de Navia,Barcos de recreo,Navia,Descenso a nado de la ría de Navia;,,,;;
